-- phpMyAdmin SQL Dump
-- version 4.8.2
-- https://www.phpmyadmin.net/
--
-- Host: 127.0.0.1
-- Generation Time: 31-Jan-2020 às 14:55
-- Versão do servidor: 10.1.34-MariaDB
-- PHP Version: 7.2.8

SET SQL_MODE = "NO_AUTO_VALUE_ON_ZERO";
SET AUTOCOMMIT = 0;
START TRANSACTION;
SET time_zone = "+00:00";


/*!40101 SET @OLD_CHARACTER_SET_CLIENT=@@CHARACTER_SET_CLIENT */;
/*!40101 SET @OLD_CHARACTER_SET_RESULTS=@@CHARACTER_SET_RESULTS */;
/*!40101 SET @OLD_COLLATION_CONNECTION=@@COLLATION_CONNECTION */;
/*!40101 SET NAMES utf8mb4 */;

--
-- Database: `estoque_belissima`
--

-- --------------------------------------------------------

--
-- Estrutura da tabela `migrations`
--

CREATE TABLE `migrations` (
  `id` int(10) UNSIGNED NOT NULL,
  `migration` varchar(191) COLLATE utf8mb4_unicode_ci NOT NULL,
  `batch` int(11) NOT NULL
) ENGINE=InnoDB DEFAULT CHARSET=utf8mb4 COLLATE=utf8mb4_unicode_ci;

--
-- Extraindo dados da tabela `migrations`
--

INSERT INTO `migrations` (`id`, `migration`, `batch`) VALUES
(5, '2014_10_12_000000_create_users_table', 1),
(6, '2014_10_12_100000_create_password_resets_table', 1),
(7, '2018_06_08_075757_create_produtos_table', 1),
(8, '2018_06_26_102738_create_vendas_table', 1);

-- --------------------------------------------------------

--
-- Estrutura da tabela `password_resets`
--

CREATE TABLE `password_resets` (
  `email` varchar(191) COLLATE utf8mb4_unicode_ci NOT NULL,
  `token` varchar(191) COLLATE utf8mb4_unicode_ci NOT NULL,
  `created_at` timestamp NULL DEFAULT NULL
) ENGINE=InnoDB DEFAULT CHARSET=utf8mb4 COLLATE=utf8mb4_unicode_ci;

-- --------------------------------------------------------

--
-- Estrutura da tabela `produtos`
--

CREATE TABLE `produtos` (
  `id` int(10) UNSIGNED NOT NULL,
  `codigo` varchar(191) COLLATE utf8mb4_unicode_ci DEFAULT NULL,
  `nome` varchar(191) COLLATE utf8mb4_unicode_ci DEFAULT NULL,
  `valor` decimal(5,2) NOT NULL,
  `descricao` text COLLATE utf8mb4_unicode_ci NOT NULL,
  `quantidade` int(11) NOT NULL,
  `ativo` char(1) COLLATE utf8mb4_unicode_ci DEFAULT '1',
  `user_id` int(10) UNSIGNED NOT NULL,
  `created_at` timestamp NULL DEFAULT NULL,
  `updated_at` timestamp NULL DEFAULT NULL
) ENGINE=InnoDB DEFAULT CHARSET=utf8mb4 COLLATE=utf8mb4_unicode_ci;

--
-- Extraindo dados da tabela `produtos`
--

INSERT INTO `produtos` (`id`, `codigo`, `nome`, `valor`, `descricao`, `quantidade`, `ativo`, `user_id`, `created_at`, `updated_at`) VALUES
(1, '7899572806799', 'MEU CACHO MINHA VIDA', '19.22', 'MEU CACHO MINHA VIDA JELLY GEL LOLA', 1, '1', 1, '2018-06-23 16:51:03', '2018-06-23 22:40:05'),
(2, '7899572806775', 'MEU CACHO MINHA VIDA', '30.37', 'MEU CACHO MINHA VIDA CREME DE PENTEAR LOLA', 2, '1', 1, '2018-06-23 16:59:47', '2018-06-23 16:59:47'),
(3, '7899572806768', 'MEU CACHO MINHA VIDA', '34.30', 'MEU CACHO MINHA VIDA CONDICIONADOR LOLA', 0, '1', 1, '2018-06-23 17:01:05', '2018-06-30 23:08:46'),
(4, '7899572806751', 'MEU CACHO MINHA VIDA', '27.32', 'MEU CACHO MINHA VIDA SHAMPOO LOLA', 0, '1', 1, '2018-06-23 17:02:10', '2018-06-30 23:14:02'),
(5, '7899572802272', 'RAPUNZEL', '36.09', 'RAPUNZEL SHAMPOO REJUVENESCEDOR LOLA', -2, '1', 1, '2018-06-23 17:04:19', '2018-06-30 23:14:21'),
(6, '7899572807642', 'REBELDE COM CAUSA', '26.13', 'REBELDE COM CAUSA SHAMPOO PURIFICANTE LOLA', 2, '1', 1, '2018-06-23 17:05:53', '2018-06-23 17:05:53'),
(7, '7899572805358', 'MORTE SúBITA', '29.34', 'MORTE SúBITA SHAMPOO LOLA', 2, '1', 1, '2018-06-23 17:09:32', '2018-06-23 17:09:32'),
(8, '7899572807482', 'BE(M)DITA GHEE', '51.63', 'BE(M)DITA GHEE HIDRATAçãO LOLA', 2, '1', 1, '2018-06-23 17:14:54', '2018-06-23 17:14:54'),
(9, '7899572807475', 'BE(M)DITA GHEE', '51.63', 'BE(M)DITA GHEE NUTRIçãO LOLA', 2, '1', 1, '2018-06-23 17:16:18', '2018-06-23 17:16:18'),
(10, '7899572807468', 'BE(M)DITA GHEE', '51.63', 'BE(M)DITA GHEE RECONSTRUçãO', 2, '1', 1, '2018-06-23 17:17:20', '2018-06-23 17:17:20'),
(11, '7899572807659', 'REBELDE COM CAUSA', '48.49', 'REBELDE COM CAUSA MACARA PURIFICANTE LOLA', 2, '1', 1, '2018-06-23 17:19:14', '2018-06-23 17:19:14'),
(12, '7899572803170', 'MILAGRE', '65.89', 'MILAGRE DIET CREAM LOLA', 1, '1', 1, '2018-06-23 17:21:05', '2018-06-23 17:21:05'),
(13, '7899572806140', 'TARJA PRETA', '41.09', 'TARJA PRETA QUERATINA VEGETAL MASCARA RESTAURADORA LOLA', 1, '1', 1, '2018-06-23 17:25:00', '2018-06-23 17:25:00'),
(14, '7899572806119', 'LOIRA DE FARMACIA', '37.39', 'LOIRA DE FARMACIA MASCARA MATIZADORA', 1, '1', 1, '2018-06-23 17:26:29', '2018-06-23 17:26:29'),
(15, '7899572801886', 'MORTE SúBITA', '110.29', 'MORTE SúBITA MASCARA LOLA', 2, '1', 1, '2018-06-23 17:27:48', '2018-06-23 17:27:48'),
(16, '7899572807307', 'MEU CACHO MINHA VIDA', '45.71', 'MEU CACHO MINHA VIDA MASCARA HIDRATANTE LOLA', 2, '1', 1, '2018-06-23 17:29:15', '2018-06-23 17:29:15'),
(17, '7898170657598', 'INTENSE', '40.72', 'INTENSE MASCARA VITIS 500G', 2, '1', 1, '2018-06-23 17:37:08', '2018-06-23 17:37:08'),
(18, '7898170655129', 'INTENSE', '30.60', 'INTENSE SHAMPOO VITS', 2, '1', 1, '2018-06-23 17:39:08', '2018-06-23 17:39:08'),
(19, '7898170656119', 'INTENSE', '30.60', 'INTENSE RECONDICIONADOR VITS', 1, '1', 1, '2018-06-23 17:40:14', '2018-06-23 17:40:14'),
(20, '7898170657024', 'QUERATINA', '27.49', 'QUERATINA MASCARA VITIS 250G', 2, '1', 1, '2018-06-23 17:41:51', '2018-06-23 17:41:51'),
(21, '7898170655020', 'QUERATINA', '27.49', 'QUERATINA SHAMPOO VITS', 2, '1', 1, '2018-06-23 17:45:14', '2018-06-23 17:45:14'),
(22, '7898170656027', 'QUERATINA', '27.49', 'QUERATINA CONDICIONADOR VITS', 1, '1', 1, '2018-06-23 17:47:09', '2018-06-23 17:47:09'),
(23, '7898170656027', 'QUERATINA', '27.49', 'QUERATINA CONDICIONADOR VITS', 1, '1', 1, '2018-06-23 17:47:09', '2018-06-23 17:47:09'),
(24, '7898170657109', 'POWER BOMB', '28.85', 'POWER BOMB MASCARA VITS', 2, '1', 1, '2018-06-23 17:48:31', '2018-06-23 17:48:31'),
(25, '7898170655136', 'POWER BOMB', '30.60', 'POWER BOMB SHAMPOO VITS', 1, '1', 1, '2018-06-23 17:49:53', '2018-06-23 17:49:53'),
(26, '7898170657505', 'MANDIOCA', '36.25', 'MANDIOCA MASCARA VITS 500G', 2, '1', 1, '2018-06-23 17:51:37', '2018-06-23 17:51:37'),
(27, '7898170657505', 'MANDIOCA', '36.25', 'MANDIOCA MASCARA VITS 500G', 2, '1', 1, '2018-06-23 17:51:37', '2018-06-23 17:51:37'),
(28, '7898170658519', 'MANDIOCA', '33.75', 'MANDIOCA LEAVE IN VITS', 1, '1', 1, '2018-06-23 17:52:49', '2018-06-23 17:52:49'),
(29, '7898170655006', 'MANDIOCA', '27.49', 'MANDIOCA SHAMPOO  VITS', 1, '1', 1, '2018-06-23 17:55:07', '2018-06-23 17:55:07'),
(30, '7898170655501', 'MANDIOCA', '38.25', 'MANDIOCA SHAMPOO VITS 500G', 1, '1', 1, '2018-06-23 17:56:38', '2018-06-23 17:56:38'),
(31, '7898170659301', 'ONDULELE', '31.74', 'ONDULELE ATIVADOR DE CACHOS VITS', 1, '1', 1, '2018-06-23 18:00:35', '2018-06-23 18:06:41'),
(32, '7898170659318', 'ONDULELE', '37.74', 'ONDULELE UMIDIFICADOR DE CACHOS VITS', 1, '1', 1, '2018-06-23 18:07:48', '2018-06-23 18:07:48'),
(33, '7898170657512', 'QUIABO', '35.25', 'QUIABO MASCARA VITS 500G', 2, '1', 1, '2018-06-23 18:09:15', '2018-06-23 18:09:15'),
(34, '7898170658526', 'QUIABO', '33.75', 'QUIABO FINALIZADOR VITS', 2, '1', 1, '2018-06-23 18:11:23', '2018-06-23 18:11:23'),
(35, '7898170655013', 'QUIABO', '27.49', 'QUIABO SHAMPOO VITS', 1, '1', 1, '2018-06-23 18:13:01', '2018-06-23 18:13:01'),
(36, '7898170656010', 'QUIABO', '27.49', 'QUIABO CONDICIONADOR VITS', 2, '1', 1, '2018-06-23 18:14:01', '2018-06-23 18:14:01'),
(37, '7898170654856', 'KIT QUERATINA', '70.50', 'KIT QUERATINA VITS', 1, '1', 1, '2018-06-23 18:58:42', '2018-06-23 18:58:42'),
(38, '7898170654870', 'KIT TUTANO', '70.50', 'KIT TUTANO VITS', 1, '1', 1, '2018-06-23 18:59:47', '2018-06-23 18:59:47'),
(39, '7897075182846', 'DESMAIA FIOS', '22.99', 'DESMAIA FIOS MASCARA LAYS', 1, '1', 1, '2018-06-23 19:03:26', '2018-06-30 21:52:34'),
(40, '7897075182877', 'DESMAIA FIOS', '14.49', 'DESMAIA FIOS CREME DE PENTEAR LAYS', 1, '1', 1, '2018-06-23 19:04:57', '2018-06-23 19:04:57'),
(41, '7897075182853', 'DESMAIA FIOS', '19.69', 'DESMAIA FIOS SHAMPOO LAYS', 1, '1', 1, '2018-06-23 19:06:26', '2018-06-23 19:06:26'),
(42, '7897075182860', 'DESMAIA FIOS', '19.69', 'DESMAIA FIOS CONDICIONADOR LAYS', 0, '1', 1, '2018-06-23 19:07:40', '2018-06-27 16:19:08'),
(43, '7897075182761', 'MULTIFUNCIONAL', '19.69', 'MULTIFUNCIONAL SHAMPOO 12 EM 1 LAYS', 1, '1', 1, '2018-06-23 19:09:35', '2018-06-23 19:09:35'),
(44, '7897075182785', 'MULTIFUNCIONAL', '19.69', 'MULTIFUNCIONAL CONDICIONADOR 12 EM 1 LAYS', 1, '1', 1, '2018-06-23 19:10:49', '2018-06-23 19:10:49'),
(45, '7897075182792', 'MULTIFUNCIONAL', '22.99', 'MULTIFUNCIONAL MASCARA 12 EM 1 LAYS', 1, '1', 1, '2018-06-23 19:12:07', '2018-06-23 19:12:07'),
(46, '7897075182815', 'EXPLOSãO DE óLEO DE COCO', '14.49', 'EXPLOSãO DE óLEO DE COCO CREME DE PENTEAR  LAYS', 1, '1', 1, '2018-06-23 19:16:32', '2018-06-23 19:24:01'),
(47, '7897075182822', 'EXPLOSãO DE óLEO DE COCO', '19.69', 'EXPLOSãO DE óLEO DE COCO CONDICIONADOR  LAYS', 2, '1', 1, '2018-06-23 19:19:00', '2018-06-23 19:33:52'),
(48, '7897075182839', 'EXPLOSãO DE óLEO DE COCO', '19.69', 'EXPLOSãO DE óLEO DE COCO SHAMPOO LAYS', 2, '1', 1, '2018-06-23 19:20:11', '2018-06-23 19:35:54'),
(49, '7897075182808', 'EXPLOSãO DE óLEO DE COCO', '22.99', 'EXPLOSãO DE óLEO DE COCO MASCARA LAYS', 3, '1', 1, '2018-06-23 19:21:58', '2018-06-23 19:36:16'),
(50, '7897075182969', 'CACHOS', '14.50', 'CACHOS GELATINA LAYS', 2, '1', 1, '2018-06-23 19:48:19', '2018-06-23 19:48:19'),
(51, '7897075182990', 'CACHOS', '22.99', 'CACHOS MASCARA LAYS', 2, '1', 1, '2018-06-23 19:49:25', '2018-06-23 19:49:25'),
(52, '7897075182938', 'CACHOS', '17.74', 'CACHOS CONDICIONADOR LAYS', 1, '1', 1, '2018-06-23 19:51:03', '2018-06-23 19:51:03'),
(53, '7897075182945', 'CACHOS', '17.74', 'CACHOS SHAMPOO LAYS', 1, '1', 1, '2018-06-23 19:52:25', '2018-06-23 19:52:25'),
(54, '7897075182952', 'CACH0S', '13.03', 'CACH0S CREME DE PENTEAR LAYS', 1, '1', 1, '2018-06-23 19:53:46', '2018-06-23 19:53:46'),
(55, '7898313152973', '18 ERVAS', '13.99', '18 ERVAS CONDICIONADOR LAYS', 2, '1', 1, '2018-06-23 19:58:17', '2018-06-23 19:58:17'),
(56, '7898313152966', '18 ERVAS', '13.99', '18 ERVAS SHAMPOO LAYS', 2, '1', 1, '2018-06-23 19:59:21', '2018-06-23 19:59:21'),
(57, '7898313152997', '18 ERVAS', '9.99', '18 ERVAS CREME DE PENTEAR', 8, '1', 1, '2018-06-23 20:02:15', '2018-06-23 20:02:15'),
(58, '7898313153000', '18 ERVAS', '18.89', '18 ERVAS MASCARA LAYS', 6, '1', 1, '2018-06-23 20:03:51', '2018-07-05 17:20:27'),
(59, '7898313153697', 'LINE SHINE', '13.99', 'LINE SHINE SHAMPOO  LAYS', 1, '1', 1, '2018-06-23 20:05:40', '2018-06-23 20:05:40'),
(60, '7898313153703', 'LINE SHINE', '13.99', 'LINE SHINE CONDICIONADOR', 2, '1', 1, '2018-06-23 20:06:57', '2018-06-23 20:06:57'),
(61, '7898313153673', 'LINE SHINE', '9.99', 'LINE SHINE CREME DE PENTEAR', 2, '1', 1, '2018-06-23 20:07:57', '2018-06-23 20:07:57'),
(62, '7898313151358', 'CERAMIDAS COM CILICONE', '8.99', 'CERAMIDAS COM CILICONE CREME DE PENTEAR LAYS', 0, '1', 1, '2018-06-23 20:09:59', '2018-06-23 21:52:50'),
(63, '7898313151501', 'CERAMIDAS COM CILICONE', '11.99', 'CERAMIDAS COM CILICONE CONDICIONADOR LAYS', 2, '1', 1, '2018-06-23 20:11:28', '2018-06-23 20:11:28'),
(64, '7898313151495', 'CERAMIDAS COM CILICONE', '11.99', 'CERAMIDAS COM CILICONE SHAMPOO LAYS', 2, '1', 1, '2018-06-23 20:12:33', '2018-06-23 20:12:33'),
(65, '7898313154021', 'CERAMIDAS COM CILICONE', '13.69', 'CERAMIDAS COM CILICONE MASCARA LAYS', 2, '1', 1, '2018-06-23 20:13:48', '2018-06-23 20:13:48'),
(66, '7898313154014', 'ALUMã COM ALECRIM', '13.69', 'ALUMã COM ALECRIM MASCARA LAYS', 2, '1', 1, '2018-06-23 20:30:00', '2018-06-23 20:32:53'),
(67, '7898313151310', 'ALUMã COM ALECRIM', '9.99', 'ALUMã COM ALECRIM CREME DE PENTEAR LAYS', 3, '1', 1, '2018-06-23 20:31:38', '2018-06-23 20:31:38'),
(68, '7898313150566', 'ALUMã COM ALECRIM', '11.99', 'ALUMã COM ALECRIM SHAMPOO LAYS', 2, '1', 1, '2018-06-23 20:34:24', '2018-06-28 22:36:36'),
(69, '7898313150573', 'ALUMã COM ALECRIM', '11.99', 'ALUMã COM ALECRIM CONDICIONADOR LAYS', 3, '1', 1, '2018-06-23 20:35:42', '2018-06-23 20:54:33'),
(70, '7898313151396', 'QUERATINA COM ARGAN', '8.99', 'QUERATINA COM ARGAN CREME DE  PENTEAR LAYS', 8, '1', 1, '2018-06-23 20:54:08', '2018-06-23 20:54:50'),
(71, '7898313154069', 'QUERATINA COM ARGAN', '13.69', 'QUERATINA COM ARGAN MASCARA LAYS', 6, '1', 1, '2018-06-23 20:57:13', '2018-06-23 20:57:13'),
(72, '7898313154045', 'MANTEIGA DE KARITE', '13.69', 'MANTEIGA DE KARITE MASCARA LAYS', 2, '1', 1, '2018-06-23 20:58:52', '2018-06-23 20:58:52'),
(73, '7898313150610', 'MANTEIGA DE KARITE', '11.99', 'MANTEIGA DE KARITE CONDICIONADOR LAYS', 2, '1', 1, '2018-06-23 20:59:41', '2018-06-23 20:59:41'),
(74, '7898313150603', 'MANTEIGA DE KARITE', '11.99', 'MANTEIGA DE KARITE SHAMPOO LAYS', 2, '1', 1, '2018-06-23 21:00:39', '2018-06-23 21:00:39'),
(75, '7898313151327', 'MANTEIGA DE KARITE', '8.99', 'MANTEIGA DE KARITE CREME DE PENTEAR LAYS', 4, '1', 1, '2018-06-23 21:01:57', '2018-06-23 21:01:57'),
(76, '7898313152324', 'TUTANO COM SILICONE', '8.99', 'TUTANO COM SILICONE CREME DE PENTEAR LAYS', 7, '1', 1, '2018-06-23 21:04:55', '2018-06-23 21:04:55'),
(77, '7898313154052', 'TUTANO COM SILICONE', '13.69', 'TUTANO COM SILICONE MASCARA LAYS', 7, '1', 1, '2018-06-23 21:06:13', '2018-06-23 21:06:13'),
(78, '7898313150054', 'CREME DE MOCOTO', '8.99', 'CREME DE MOCOTO CREME DE PENTEAR LAYS', 2, '1', 1, '2018-06-23 21:07:50', '2018-06-23 21:07:50'),
(79, '7898313150276', 'UMIDILAY', '14.49', 'UMIDILAY CREME UMIDIFICANTE TRADICIONAL', 0, '1', 1, '2018-06-23 21:10:59', '2018-07-05 17:20:03'),
(80, '7898313150290', 'UMIDILAY', '14.49', 'UMIDILAY UMIDIFICANTE QUERATINA E ARGAN', 1, '1', 1, '2018-06-23 21:12:01', '2018-06-23 21:12:01'),
(81, '7898313153260', 'UMIDILAY', '14.49', 'UMIDILAY UMIDIFICANTE 18 ERVAS', 1, '1', 1, '2018-06-23 21:12:53', '2018-06-23 21:12:53'),
(82, '7898313152041', 'UMIDILAY', '14.49', 'UMIDILAY CREME MULTIFUNCIONAL 12 EM 1', 1, '1', 1, '2018-06-23 21:14:49', '2018-06-23 21:14:49'),
(83, '7898313152553', 'UMIDILAY', '14.49', 'UMIDILAY UMIDIFICANTE TEENS', 1, '1', 1, '2018-06-23 21:15:51', '2018-06-23 21:15:51'),
(84, '7898633910819', 'UMECTAçãO', '13.99', 'UMECTAçãO CREME DE PENTEAR BOOM', 6, '1', 1, '2018-06-23 21:19:53', '2018-06-23 21:19:53'),
(85, '7898633910802', 'UMECTAçãO', '13.99', 'UMECTAçãO CONDICIONADOR BOOM', 6, '1', 1, '2018-06-23 21:21:07', '2018-06-23 21:21:07'),
(86, '7898633910796', 'UMECTAçãO', '13.99', 'UMECTAçãO SHAMPOO BOOM', 6, '1', 1, '2018-06-23 21:22:16', '2018-06-23 21:22:16'),
(87, '7898633910826', 'UMECTAçãO', '15.99', 'UMECTAçãO HIDRATAçãO BOOM', 6, '1', 1, '2018-06-23 21:23:40', '2018-06-23 21:23:40'),
(88, '7898633910772', 'RESTAURAçãO', '13.99', 'RESTAURAçãO CREME DE PENTEAR BOOM', 3, '1', 1, '2018-06-23 22:01:05', '2018-06-23 22:06:47'),
(89, '7898633910758', 'RESTAURAçãO', '13.99', 'RESTAURAçãO SHAMPOO BOOM', 3, '1', 1, '2018-06-23 22:03:35', '2018-06-23 22:06:27'),
(90, '7898633910789', 'RESTAURAçãO', '15.99', 'RESTAURAçãO HIDRATAçãO BOOM', 0, '1', 1, '2018-06-23 22:04:56', '2018-07-05 21:13:28'),
(91, '7898633910871', 'DE OVO', '15.99', 'DE OVO HIDRATAçãO BOOM', 3, '1', 1, '2018-06-23 22:07:51', '2018-06-23 22:07:51'),
(92, '7898633910864', 'DE OVO', '13.99', 'DE OVO CREME DE PENTEAR BOOM', 4, '1', 1, '2018-06-23 22:08:58', '2018-06-23 22:08:58'),
(93, '7898633910857', 'DE OVO', '13.99', 'DE OVO CONDICIONADOR BOOM', 3, '1', 1, '2018-06-23 22:10:02', '2018-06-23 22:10:02'),
(94, '7898633910840', 'DE OVO', '13.99', 'DE OVO SHAMPOO BOOM', 3, '1', 1, '2018-06-23 22:10:54', '2018-06-23 22:10:54'),
(95, '7898633910680', 'VITAMINAS', '13.99', 'VITAMINAS CONDICIONADOR BOOM', 3, '1', 1, '2018-06-23 22:13:13', '2018-06-23 22:13:13'),
(96, '7898633910673', 'VITAMINAS', '13.99', 'VITAMINAS SHAMPOO BOOM', 3, '1', 1, '2018-06-23 22:25:00', '2018-06-23 22:25:00'),
(97, '7898633910703', 'VITAMINAS', '15.99', 'VITAMINAS HIDRATAçãO BOOM', 3, '1', 1, '2018-06-23 22:26:07', '2018-06-23 22:26:07'),
(98, '7898633910697', 'VITAMINAS', '13.99', 'VITAMINAS CREME DE PENTEAR BOOM', 3, '1', 1, '2018-06-23 22:27:18', '2018-06-23 22:27:18'),
(99, '7898633910710', 'CACHOS', '13.99', 'CACHOS SHAMPOO BOOM', 2, '1', 1, '2018-06-23 22:28:31', '2018-06-23 22:28:31'),
(100, '7898633910727', 'CACHOS', '13.99', 'CACHOS CONDICIONADOR BOOM', 3, '1', 1, '2018-06-23 22:52:27', '2018-06-23 22:55:48'),
(101, '7898633910734', 'CACHOS', '13.99', 'CACHOS CREME DE PENTEAR BOOM', 2, '1', 1, '2018-06-23 22:53:18', '2018-06-23 22:53:18'),
(102, '7898633910741', 'CACHOS', '15.99', 'CACHOS HIDRATAçãO BOOM', 3, '1', 1, '2018-06-23 22:54:22', '2018-06-23 22:54:22'),
(103, '7898633910376', 'WHEYPROTEIN', '35.50', 'WHEYPROTEIN HIDRATAçãO MULTITRAT', 1, '1', 1, '2018-06-25 15:48:36', '2018-06-25 15:56:22'),
(104, '7898633910185', 'WHEYPROTEIN', '36.75', 'WHEYPROTEIN CONDICIONADOR MULTITRAT', 2, '1', 1, '2018-06-25 15:50:16', '2018-06-25 15:56:47'),
(105, '7898633910178', 'WHEYPROTEIN', '36.75', 'WHEYPROTEIN SHAMPOO MULTITRAT', 2, '1', 1, '2018-06-25 15:52:38', '2018-06-25 15:57:11'),
(106, NULL, 'WHEYPROTEIN', '36.75', 'WHEYPROTEIN PRé-ESCOVA MULTITRAT', 1, '1', 1, '2018-06-25 15:54:13', '2018-06-25 15:57:31'),
(107, '7898633910666', 'RESTORE', '39.99', 'RESTORE MASCARA MULTITRAT', 2, '1', 1, '2018-06-25 15:59:41', '2018-06-25 15:59:41'),
(108, '7898633910369', 'RESTORE', '39.99', 'RESTORE LEAVE-IN MULTITRAT', 2, '1', 1, '2018-06-25 16:00:57', '2018-06-25 16:00:57'),
(109, '7898633910048', 'VERNIZ CAPILAR', '43.68', 'VERNIZ CAPILAR KIT MULTITRAT', 1, '1', 1, '2018-06-25 16:04:32', '2018-06-25 16:04:32'),
(110, '7898633910109', 'VERNIZ CAPILAR', '36.99', 'VERNIZ CAPILAR HIDRATAçãO MULTITRAT', 1, '1', 1, '2018-06-25 16:06:20', '2018-06-25 16:06:20'),
(111, '7898633910079', 'VERNIZ CAPILAR', '34.99', 'VERNIZ CAPILAR SHAMPOO MULTITRAT', 1, '1', 1, '2018-06-25 16:07:10', '2018-06-25 16:07:10'),
(112, '7898633910086', 'VERNIZ CAPILAR', '34.99', 'VERNIZ CAPILAR CONDICIONADOR MULTITRAT', 1, '1', 1, '2018-06-25 16:08:30', '2018-06-25 16:08:30'),
(113, '7898352910770', 'KERAPLANT', '42.15', 'KERAPLANT MASCARA BOTHANICO 500G', 1, '1', 1, '2018-06-25 16:18:47', '2018-06-25 17:19:16'),
(114, '7898352911081', 'JABORANDI', '32.99', 'JABORANDI MASCARA BOTHANICO 500G', 2, '1', 1, '2018-06-25 16:22:19', '2018-06-25 17:19:46'),
(115, '7898352911067', 'JABORANDI', '29.55', 'JABORANDI SHAMPOO BOTHANICO', 1, '1', 1, '2018-06-25 16:23:35', '2018-06-25 16:23:35'),
(116, '7898352911128', 'PROTEINAS DO LEITE', '33.85', 'PROTEINAS DO LEITE MASCARA BOTHANICO 500G', 1, '1', 1, '2018-06-25 16:25:27', '2018-06-25 16:25:27'),
(117, '7898352911111', 'PROTEINAS DO LEITE', '29.55', 'PROTEINAS DO LEITE CONDICIONADOR BOTHANICO', 1, '1', 1, '2018-06-25 16:26:38', '2018-06-25 16:26:38'),
(118, '7898352911104', 'PROTEINAS DO LEITE', '29.55', 'PROTEINAS DO LEITE SHAMPOO BOTHANICO', 1, '1', 1, '2018-06-25 16:27:37', '2018-06-25 16:27:37'),
(119, '7898352911555', 'TUTANO E ELASTINA', '38.99', 'TUTANO E ELASTINA CACHOS UMIDIFICADOR BOTHANICO', 1, '1', 1, '2018-06-25 16:31:36', '2018-06-25 16:31:36'),
(120, '7898352911005', 'TUTANO', '30.90', 'TUTANO CREME DE SILICONE BOTHANICO', 1, '1', 1, '2018-06-25 16:32:53', '2018-06-25 16:32:53'),
(121, '7898352911029', 'TUTANO', '29.55', 'TUTANO CONDICIONADOR BOTHANICO', 1, '1', 1, '2018-06-25 17:04:08', '2018-06-25 17:04:08'),
(122, '7898352911012', 'TUTANO', '29.55', 'TUTANO SHAMPOO BOTHANICO', 1, '1', 1, '2018-06-25 17:05:04', '2018-06-25 17:05:04'),
(123, '7898352911197', 'ERVA DOCE', '29.55', 'ERVA DOCE CONDICIONADOR BOTHANICO', 1, '1', 1, '2018-06-25 17:06:17', '2018-06-25 17:06:17'),
(124, '7898352911180', 'ERVA DOCE', '29.55', 'ERVA DOCE SHAMPOO BOTHANICO', 1, '1', 1, '2018-06-25 17:07:48', '2018-06-25 17:07:48'),
(125, '7898352911364', 'ERVA DOCE', '23.99', 'ERVA DOCE MASCARA BOTHANICO 250G', 2, '1', 1, '2018-06-25 17:09:12', '2018-06-25 17:09:12'),
(126, '7898352911036', 'TUTANO', '23.99', 'TUTANO MASCARA BOTHANICO 250G', 1, '1', 1, '2018-06-25 17:10:23', '2018-06-25 17:15:52'),
(127, '7898352911531', 'ACTIVE SHINE', '43.80', 'ACTIVE SHINE MASCARA BOTHANICO 500G', 0, '1', 1, '2018-06-25 17:13:34', '2018-06-25 17:15:14'),
(128, '7898352911609', 'ACTIVE SHINE', '29.40', 'ACTIVE SHINE MASCARA BOTHANICO 250G', 1, '1', 1, '2018-06-25 17:14:46', '2018-06-25 17:14:46'),
(129, '7898352911524', 'ACTIVE SHINE', '35.70', 'ACTIVE SHINE CONDICIONADOR BOTHANICO', 0, '1', 1, '2018-06-25 17:21:23', '2018-06-25 17:21:23'),
(130, '7898352911517', 'ACTIVE SHINE', '35.70', 'ACTIVE SHINE SHAMPOO BOTHANICO', 1, '1', 1, '2018-06-25 17:22:08', '2018-06-25 17:22:08'),
(131, '7898623951709', 'SOS CACHOS RICINO', '16.58', 'SOS CACHOS RICINO CONDICIONADOR SALON LINE', 2, '1', 1, '2018-06-25 17:30:41', '2018-06-25 17:30:41'),
(132, '7898623951693', 'SOS CACHOS RICINO', '16.58', 'SOS CACHOS RICINO SHAMPOO SALON LINE', 2, '1', 1, '2018-06-25 17:31:50', '2018-06-25 17:31:50'),
(133, '7898623951723', 'SOS CACHOS RICINO', '14.90', 'SOS CACHOS RICINO ATIVADOR DE CACHOS SALON LINE', 2, '1', 1, '2018-06-25 17:34:27', '2018-06-25 17:34:27'),
(134, '7898623951716', 'SOS CACHOS RICINO', '18.77', 'SOS CACHOS RICINO MASCARA SALON LINE 500G', 2, '1', 1, '2018-06-25 17:35:43', '2018-06-25 17:35:43'),
(135, '7898623952713', 'SOS CACHOS MEL', '16.47', 'SOS CACHOS MEL CONDICIONADOR SALON LINE', 1, '1', 1, '2018-06-25 17:37:12', '2018-06-25 17:37:12'),
(136, '7898623952706', 'SOS CACHOS MEL', '16.47', 'SOS CACHOS MEL SHAMPOO SALON LINE', 1, '1', 1, '2018-06-25 17:38:24', '2018-06-25 17:38:24'),
(137, '7898623952737', 'SOS CACHOS MEL', '12.74', 'SOS CACHOS MEL CREME DE PENTEAR SALON LINE', 1, '1', 1, '2018-06-25 17:39:18', '2018-06-25 17:39:18'),
(138, '7898623952942', 'HIDRA ORIGINAL', '16.29', 'HIDRA ORIGINAL KIT SALON LINE', 0, '1', 1, '2018-06-25 17:40:58', '2018-07-04 17:11:52'),
(139, '7898623950078', 'SOS BOMBA', '14.79', 'SOS BOMBA SHAMPOO SALON LINE', 2, '1', 1, '2018-06-25 17:41:59', '2018-06-25 17:41:59'),
(140, '789823951617', 'SOS BOMBA', '14.39', 'SOS BOMBA CREME DE PENTEAR SALON LINE', 2, '1', 1, '2018-06-25 17:43:04', '2018-06-25 17:43:04'),
(141, '7898524348639', 'SOS CACHOS COCO', '14.90', 'SOS CACHOS COCO ATIVADOR DE CACHOS SALON LINE', 1, '1', 1, '2018-06-26 14:50:30', '2018-06-26 14:50:30'),
(142, '7898524348509', 'SOS CACHOS COCO', '16.58', 'SOS CACHOS COCO CONDICIONADOR SALON LINE', 2, '1', 1, '2018-06-26 14:52:21', '2018-06-26 14:52:21'),
(143, '7898524348493', 'SOS CACHOS COCO', '16.58', 'SOS CACHOS COCO SHAMPOO SALON LINE', 1, '1', 1, '2018-06-26 15:00:01', '2018-06-26 15:00:01'),
(144, '7898524348523', 'SOS CACHOS COCO', '18.77', 'SOS CACHOS COCO HIDRATAçãO 500G SALON LINE', 2, '1', 1, '2018-06-26 15:03:17', '2018-06-26 15:03:17'),
(145, '7898524347069', 'TO DE CACHOS', '15.34', 'TO DE CACHOS GEL LIQUIDO SALON LINE', 2, '1', 1, '2018-06-26 15:07:08', '2018-06-26 15:07:08'),
(146, '7898623953017', 'HIDRA ORIGINAL', '9.20', 'HIDRA ORIGINAL ATIVADOR DE CACHOS SALON LINE', 3, '1', 1, '2018-06-26 15:08:43', '2018-06-26 15:08:43'),
(147, '7898524346987', 'HIDRA ORIGINAL', '8.33', 'HIDRA ORIGINAL CREME DE PENTEAR SALON LINE', 0, '1', 1, '2018-06-26 15:11:25', '2018-06-30 22:38:42'),
(148, '7898524346994', 'HIDRA ORIGINAL', '10.99', 'HIDRA ORIGINAL CREME DE PENTEAR 500ML SALON LINE', 1, '1', 1, '2018-06-26 15:14:54', '2018-07-04 17:12:13'),
(149, '7898524346956', 'MULTY', '8.33', 'MULTY CREME MULTIFUNCIONAL SALON LINE', 2, '1', 1, '2018-06-26 15:18:07', '2018-06-26 15:18:07'),
(150, '7898623953260', 'MULTY KIDS', '8.33', 'MULTY KIDS CREME MULTIFUNCIONAL SALON LINE', 1, '1', 1, '2018-06-26 15:21:09', '2018-06-26 15:21:09'),
(151, '7898623951013', 'AFRO HIDRA-NUTRIçãO', '28.00', 'AFRO HIDRA-NUTRIçãO HIDRATAçãO 1KG SALON LINE', 0, '1', 1, '2018-06-26 15:29:13', '2018-06-26 15:29:13'),
(152, '7898524349285', 'TÔ PODENDO', '28.00', 'TÔ PODENDO HIDRATAçãO NIVEL 1 SALON LINE 1KG', 1, '1', 1, '2018-06-26 15:33:51', '2018-06-26 15:33:51'),
(153, '7898524349315', 'TÔ PODENDO', '28.00', 'TÔ PODENDO HIDRATAçãO NIVEL 2 SALON LINE 1KG', 1, '1', 1, '2018-06-26 15:43:19', '2018-06-26 15:43:19'),
(154, '7898524349339', 'TÔ PODENDO', '28.00', 'TÔ PODENDO HIDRATAçãO NIVEL 3 SALON LINE 1KG', 1, '1', 1, '2018-06-26 15:45:50', '2018-06-26 15:45:50'),
(155, '7898524347755', 'TO DE CACHOS', '32.59', 'TO DE CACHOS MASCARA 1KG SALON LINE', 1, '1', 1, '2018-06-26 15:48:00', '2018-06-26 15:48:00'),
(156, '7897042012381', 'ACACHONADOS', '11.29', 'ACACHONADOS CONDICIONADOR SKALA', 2, '1', 1, '2018-06-26 16:23:04', '2018-06-26 16:23:04'),
(157, '7897042012374', 'ACACHONADOS', '9.99', 'ACACHONADOS SHAMPOO SKALA', 2, '1', 1, '2018-06-26 16:25:27', '2018-06-26 16:25:27'),
(158, '7897042012428', 'ACACHONADOS', '9.89', 'ACACHONADOS CREME DE PENTEAR SKALA', 1, '1', 1, '2018-06-26 16:29:38', '2018-06-26 16:29:38'),
(159, '7891150055629', 'BOOM', '12.35', 'BOOM SHAMPOO SEDA', 2, '1', 1, '2018-06-26 16:37:44', '2018-06-26 16:37:44'),
(160, '7891150055636', 'BOOM', '13.50', 'BOOM CONDICIONADOR SEDA', 2, '1', 1, '2018-06-26 16:38:55', '2018-06-26 16:38:55'),
(161, '7891150055643', 'BOOM', '11.99', 'BOOM CREME SEDA', 2, '1', 1, '2018-06-26 16:40:11', '2018-06-26 16:40:11'),
(162, '7896279115186', 'UMIDILIZ', '15.20', 'UMIDILIZ ATIVADOR MURIEL', 1, '1', 1, '2018-06-26 17:04:06', '2018-06-26 17:04:06'),
(163, '7896279115162', 'UMIDILIZ', '13.44', 'UMIDILIZ SHAMPOO MURIEL', 2, '1', 1, '2018-06-26 17:06:50', '2018-06-26 17:06:50'),
(164, '7896279115179', 'UMIDILIZ', '14.57', 'UMIDILIZ CONDICIONADOR MURIEL', 2, '1', 1, '2018-06-26 17:07:55', '2018-06-26 17:07:55'),
(165, '7896279115209', 'UMIDILIZ', '18.98', 'UMIDILIZ MASCARA MURIEL 500G', 1, '1', 1, '2018-06-26 17:09:13', '2018-06-26 17:09:13'),
(166, '7896279115193', 'UMIDILIZ', '13.05', 'UMIDILIZ MASCARA MURIEL 300G', 1, '1', 1, '2018-06-26 17:12:13', '2018-06-26 17:12:13'),
(167, '7896279115001', 'ALISENA', '10.50', 'ALISENA CONDICIONADOR CRESCE CABELO MURIEL', 0, '1', 1, '2018-06-26 17:16:57', '2018-06-26 17:16:57'),
(168, '7896279114998', 'ALISENA', '14.50', 'ALISENA SHAMPOO CRESCE CABELO MURIEL', 2, '1', 1, '2018-06-26 17:18:07', '2018-06-26 17:18:07'),
(169, '7896279115032', 'ALISENA', '7.90', 'ALISENA FINALIZADOR CRESCE CABELO MURIEL', 1, '1', 1, '2018-06-26 17:19:20', '2018-06-26 17:19:20'),
(170, '7896279115025', 'ALISENA', '18.47', 'ALISENA MASCARA CRESCE CABELO MURIEL 500G', 1, '1', 1, '2018-06-26 17:20:41', '2018-06-26 17:20:41'),
(171, '7896279115018', 'ALISENA', '13.05', 'ALISENA MASCARA CRESCE CABELO MURIEL 300G', 1, '1', 1, '2018-06-26 17:22:28', '2018-06-26 17:22:28'),
(172, '7896279114790', 'ALISENA', '14.00', 'ALISENA SHAMPOO LISOS MURIEL', 0, '1', 1, '2018-06-26 17:24:37', '2018-06-26 17:24:37'),
(173, '7896279114806', 'ALISENA', '15.00', 'ALISENA CONDICIONADOR LISOS MURIEL', 1, '1', 1, '2018-06-26 17:25:59', '2018-06-26 17:25:59'),
(174, '7896279114813', 'ALISENA', '14.12', 'ALISENA MASCARA LISOS MURIEL 300G', 1, '1', 1, '2018-06-26 17:27:04', '2018-06-26 17:27:04'),
(175, '7896279114837', 'ALISENA', '7.98', 'ALISENA FINALIZADOR LISOS MURIEL', 1, '1', 1, '2018-06-26 17:42:09', '2018-06-26 17:42:09'),
(176, '7898497187150', 'OLEO DE COCO REAL', '14.85', 'OLEO DE COCO REAL MASCARA HAIR FLY', 5, '1', 1, '2018-06-26 17:44:38', '2018-06-29 22:21:49'),
(177, '7898497187167', 'OLEO DE COCO REAL', '13.50', 'OLEO DE COCO REAL CREME DE PENTEAR HAIR FLY', 4, '1', 1, '2018-06-26 17:45:56', '2018-06-29 22:19:54'),
(178, '7898497187174', 'OLEO DE COCO REAL', '13.50', 'OLEO DE COCO REAL OLEO HAIR FLY', 1, '1', 1, '2018-06-26 17:47:45', '2018-06-26 17:47:45'),
(179, '7898497187143', 'OLEO DE COCO REAL', '12.19', 'OLEO DE COCO REAL CONDICIONADOR HAIR FLY', 5, '1', 1, '2018-06-26 17:48:47', '2018-06-29 22:21:13'),
(180, '7898497187136', 'OLEO DE COCO REAL', '12.19', 'OLEO DE COCO REAL SHAMPOO HAIR FLY', 4, '1', 1, '2018-06-26 17:49:55', '2018-06-29 22:20:21'),
(181, '7898497185101', 'TANOXTRAT', '29.00', 'TANOXTRAT SHAMPOO 1L HAIR FLY', 2, '1', 1, '2018-06-27 16:21:54', '2018-06-27 16:21:54'),
(182, '7898497187112', 'TANOXTRAT', '29.00', 'TANOXTRAT CONDICIONADOR 1L HAIR FLY', 2, '1', 1, '2018-06-27 16:24:11', '2018-06-27 16:24:11'),
(183, '7898497185149', 'TANOXTRAT', '29.00', 'TANOXTRAT MASCARA 1000G HAIR FLY', 1, '1', 1, '2018-06-27 16:27:04', '2018-06-27 16:27:04'),
(184, '7896018423961', 'BABA DE QUIABO', '19.99', 'BABA DE QUIABO HIDRATAçãO BANG TUTANAT', 2, '1', 1, '2018-06-27 16:30:16', '2018-06-27 16:34:43'),
(185, '7896018424029', 'AZEITE DE OLIVA', '19.99', 'AZEITE DE OLIVA HIDRATAçãO BANG TUTANAT', 1, '1', 1, '2018-06-27 16:31:50', '2018-06-27 16:34:23'),
(186, '7896018423657', 'SOS QUIMICAS', '19.99', 'SOS QUIMICAS HIDRATAçãO BANG TUTANAT', 2, '1', 1, '2018-06-27 16:33:53', '2018-06-27 16:33:53'),
(187, '7896018406728', 'BOMBA DE PROTEINA', '19.99', 'BOMBA DE PROTEINA HIDRATAçãO BANG TUTANAT', 0, '1', 1, '2018-06-27 16:36:56', '2018-06-30 16:46:25'),
(188, '7896018406735', 'OLEO DE COCO', '19.99', 'OLEO DE COCO HIDRATAçãO BANG TUTANAT', 1, '1', 1, '2018-06-27 16:39:02', '2018-06-27 16:39:02'),
(189, '7899815704189', 'HAIR FLOW', '59.99', 'HAIR FLOW HIDRATAçãO 1KG', 1, '1', 1, '2018-06-27 16:46:44', '2018-06-27 16:46:44'),
(190, '7899815704196', 'HAIR FLOW', '19.99', 'HAIR FLOW SHAMPOO', 2, '1', 1, '2018-06-27 16:49:08', '2018-06-27 16:49:08'),
(191, '7899815704202', 'HAIR FLOW', '19.99', 'HAIR FLOW CONDICIONADOR', 4, '1', 1, '2018-06-27 16:49:59', '2018-06-27 16:49:59'),
(192, '7896013511656', 'OLEO DE COCO', '21.78', 'OLEO DE COCO HIDRATçãO NOVEX', 2, '1', 1, '2018-06-27 16:51:59', '2018-06-27 16:51:59'),
(193, '7896013535683', '10 ATIVOS EM 1', '21.78', '10 ATIVOS EM 1 HIDRATçãO NOVEX', 1, '1', 1, '2018-06-27 16:57:01', '2018-06-27 16:57:01'),
(194, '7896013548454', 'BROTO DE BAMBU', '21.78', 'BROTO DE BAMBU HIDRATAçãO NOVEX', 1, '1', 1, '2018-06-27 17:00:43', '2018-06-27 17:00:43'),
(195, '7896013514633', 'PLASTICA RECONSTRUTORA', '21.78', 'PLASTICA RECONSTRUTORA HIDRATAçãO NOVEX', 1, '1', 1, '2018-06-27 17:02:26', '2018-06-27 17:02:26'),
(196, '7896013539148', 'REPARAçãO TOTAL', '21.78', 'REPARAçãO TOTAL HIDRATçãO NOVEX', 1, '1', 1, '2018-06-27 17:05:19', '2018-06-27 17:05:19'),
(197, '7898315570959', 'REPOSIçãO DA MASSA CAPILAR', '15.99', 'REPOSIçãO DA MASSA CAPILAR BALSAMO SANNABELL', 3, '1', 1, '2018-06-27 17:11:43', '2018-06-27 17:11:43'),
(198, '7898315570942', 'REPOSIçãO DA MASSA CAPILAR', '15.99', 'REPOSIçãO DA MASSA CAPILAR SHAMPOO SANNABELL', 3, '1', 1, '2018-06-27 17:12:42', '2018-06-27 17:12:42'),
(199, '7898581089322', 'CICATRIFIOS', '67.25', 'CICATRIFIOS MASCARA INOAR', 2, '1', 1, '2018-06-27 17:41:59', '2018-06-27 17:41:59'),
(200, '7898581089001', 'CICATRIFIOS', '29.17', 'CICATRIFIOS CONDICIONADOR INOAR', 2, '1', 1, '2018-06-27 17:50:01', '2018-06-27 17:50:01'),
(201, '7898581088998', 'CICATRIFIOS', '29.17', 'CICATRIFIOS SHAMPOO INOAR', 2, '1', 1, '2018-06-27 17:53:40', '2018-06-27 17:53:40'),
(202, '7896223413023', 'BELLEZZA DOS CACHINHOS', '19.99', 'BELLEZZA DOS CACHINHOS CREME DE PENTEAR 1KG', 1, '1', 1, '2018-06-27 18:01:46', '2018-06-27 18:01:46'),
(203, '7896018420540', 'TUTANAT', '30.39', 'TUTANAT SHAMPOO 900ML', 4, '1', 1, '2018-06-27 18:03:22', '2018-06-27 18:03:22'),
(204, '7896018420014', 'TUTANAT', '43.20', 'TUTANAT HIDRAçãO 1KG', 1, '1', 1, '2018-06-27 18:05:57', '2018-06-27 18:05:57'),
(205, '7896018420557', 'TUTANAT', '30.39', 'TUTANAT CONDICIONADOR 900ML', 2, '1', 1, '2018-06-27 18:09:52', '2018-06-27 18:09:52'),
(206, '7899810040336', 'KIT SELAGEM', '189.00', 'KIT SELAGEM OURO DE MARROCOS ESSENCIAL 1L', 3, '1', 1, '2018-06-28 20:09:33', '2018-06-28 20:12:41'),
(207, '7899810004017', 'KIT SELAGEM', '123.50', 'KIT SELAGEM REDUTOR DE VOLUMES ESSENCIAL 500ML', 1, '1', 1, '2018-06-28 20:12:22', '2018-06-28 20:12:22'),
(208, '7896018401877', 'RESTAURAçãO PROGRESSIVA', '92.00', 'RESTAURAçãO PROGRESSIVA TUTANAT SELAGEM', 2, '1', 1, '2018-06-28 20:15:31', '2018-06-28 20:15:31'),
(209, '7898557793055', 'SELADORA DE MAçã', '105.00', 'SELADORA DE MAçã FAVIERCOSMETICS', 1, '1', 1, '2018-06-28 20:18:10', '2018-06-29 22:22:59'),
(210, '7898926334582', 'SUPER SELADOR DE QUIABO', '75.00', 'SUPER SELADOR DE QUIABO MAJESTADE', 0, '1', 1, '2018-06-28 20:19:55', '2018-06-30 20:03:58'),
(211, '7898926334582', 'SUPER SELADOR DE QUIABO', '75.00', 'MAJESTADE', 2, '0', 1, '2018-06-28 20:19:55', '2018-06-29 22:22:20'),
(212, '7898524341272', 'KIT SELAGEM', '130.00', 'KIT SELAGEM EXXA MARROQUINA 500ML', 1, '1', 1, '2018-06-28 20:22:34', '2018-06-28 20:22:34'),
(213, '7896229907984', 'BTX', '56.96', 'BTX NATU HAIR', 2, '1', 1, '2018-06-28 20:26:51', '2018-06-28 20:26:51'),
(214, '7898459152950', 'BTX', '110.00', 'BTX ESSENCIAL', 4, '1', 1, '2018-06-28 20:28:43', '2018-06-28 20:28:43'),
(215, '7898557793031', 'MASCARA DE  MAçã', '45.00', 'MASCARA DE  MAçã BTX FAVIER COSMETICS', 1, '1', 1, '2018-06-28 20:31:44', '2018-06-29 22:23:24'),
(216, '7898524342491', 'SELAGEM REDUTORA', '22.00', 'SELAGEM REDUTORA SALON LINE', 8, '1', 1, '2018-06-28 20:36:48', '2018-06-28 20:36:48'),
(217, '7898524344853', 'SELAGEM REDUTORA', '22.00', 'SELAGEM REDUTORA CEBELOS LOUROS SALON LINE', 2, '1', 1, '2018-06-28 20:38:16', '2018-06-28 20:38:16'),
(218, '7898524341319', 'SELAGEM', '42.60', 'SELAGEM EXXA MARROQUINA 330ML', 2, '1', 1, '2018-06-28 20:40:23', '2018-06-28 20:40:23'),
(219, '7898497185279', 'BANHO DE SETE OLEOS', '6.99', 'BANHO DE SETE OLEOS HAIR FLY', 8, '1', 1, '2018-06-28 20:44:42', '2018-06-29 23:30:43'),
(220, '7896229902798', 'KERAMAX', '8.99', 'KERAMAX HIDRATçãO PROFUNDA', 2, '1', 1, '2018-06-28 20:47:34', '2018-06-28 20:47:34'),
(221, '7898497186641', 'CAUTERIZAçãO', '25.00', 'CAUTERIZAçãO CACHOS SUPREMOS HAIR FLY', 1, '1', 1, '2018-06-28 20:57:11', '2018-06-28 20:57:11'),
(222, '7898497180311', 'CAUTERIZAçãO', '22.99', 'CAUTERIZAçãO COM QUERATINIZAçãO HAIR FLY', 1, '1', 1, '2018-06-28 20:59:59', '2018-06-28 20:59:59'),
(223, '7898633910017', 'CAUTERIZAçãO', '41.70', 'CAUTERIZAçãO COM 2 QUERATINAS MULTITRAT', 1, '1', 1, '2018-06-28 21:02:25', '2018-06-28 21:02:25'),
(224, '7898633910024', 'CAUTERIZAçãO', '44.65', 'CAUTERIZAçãO TEIA DE ARANHA MULTITRAT', 1, '1', 1, '2018-06-28 21:04:01', '2018-06-28 21:04:01'),
(225, '7898497185934', 'NEUTRALIZANTE', '14.25', 'NEUTRALIZANTE MEL E LANOLINA HAIR FLY 900ML', 1, '1', 1, '2018-06-28 21:10:02', '2018-06-28 21:10:02'),
(226, '7896013511090', 'NEUTRALIZANTE', '8.59', 'NEUTRALIZANTE LISA HAIR', 1, '1', 1, '2018-06-28 21:11:41', '2018-06-28 21:11:41'),
(227, '7898623950214', 'NEUTRALIZANTE', '10.26', 'NEUTRALIZANTE SALON LINE', 2, '1', 1, '2018-06-28 21:12:54', '2018-07-04 17:13:07'),
(228, '7898497180014', 'CREME ALISANTE', '7.99', 'CREME ALISANTE NORMAL HAIR FLY', 6, '1', 1, '2018-06-28 21:37:02', '2018-06-28 21:37:02'),
(229, '7898497180021', 'CREME ALISANTE', '7.99', 'CREME ALISANTE MEL SUAVE HAIR FLY', 1, '1', 1, '2018-06-28 21:38:24', '2018-06-28 21:38:24'),
(230, '7898497182766', 'CREME ALISANTE', '7.99', 'CREME ALISANTE QUERATIANA HAIR FLY', 3, '1', 1, '2018-06-28 21:39:17', '2018-06-28 21:39:17'),
(231, '7896013508878', 'CREME ALISANTE', '36.50', 'CREME ALISANTE LISA HAIR', 1, '1', 1, '2018-06-28 21:40:40', '2018-06-28 21:40:40'),
(232, '7898009439654', 'CREME ALISANTE', '32.49', 'CREME ALISANTE SALON LINE MANGA FORTE', 1, '1', 1, '2018-06-28 21:42:17', '2018-06-28 21:42:17'),
(233, '7898009439647', 'CREME ALISANTE', '32.49', 'CREME ALISANTE MEDIO MANGA SALON LINE', 1, '1', 1, '2018-06-28 21:43:31', '2018-06-28 21:43:31'),
(234, '7898524341753', 'CREME ALISANTE', '32.49', 'CREME ALISANTE OLEO DE ARGAN SALON LINE', 1, '1', 1, '2018-06-28 21:49:42', '2018-06-28 21:49:42'),
(235, '7898009436424', 'CREME ALISANTE', '32.49', 'CREME ALISANTE AMENDOAS FORTE SALON LINE', 1, '1', 1, '2018-06-28 21:51:32', '2018-06-28 21:51:32'),
(236, '7898009436431', 'AMENDOAS', '32.49', 'AMENDOAS AMENDOAS SUAVE SALON LINE', 0, '1', 1, '2018-06-28 21:53:51', '2018-06-28 21:53:51'),
(237, '7896018406469', 'CREME ALISANTE', '35.00', 'CREME ALISANTE TUTANAT', 2, '1', 1, '2018-06-28 21:55:18', '2018-06-28 21:55:18'),
(238, '7898009436431', 'CREME ALISANTE', '32.49', 'CREME ALISANTE AMENDOAS SUAVE SALON LINE', 1, '1', 1, '2018-06-28 21:58:54', '2018-06-28 21:58:54'),
(239, '7896213115586', 'HAIR SPRAY', '23.25', 'HAIR SPRAY PROFISSIONAL MEGA FORTE EMY', 2, '1', 1, '2018-06-28 22:05:05', '2018-06-28 22:05:05'),
(240, '7896213113421', 'HAIR SPRAY', '21.99', 'HAIR SPRAY FORTE EMY', 4, '1', 1, '2018-06-28 22:06:35', '2018-06-28 22:06:35'),
(241, '7896213113438', 'HAIR SPRAY', '21.99', 'HAIR SPRAY FIXA SOLTO EMY', 1, '1', 1, '2018-06-28 22:07:31', '2018-06-28 22:07:31'),
(242, '7896213114176', 'HAIR SPRAY', '21.99', 'HAIR SPRAY EXTRA FORTE', 3, '1', 1, '2018-06-28 22:08:41', '2018-06-28 22:08:41'),
(243, '7896213113452', 'HAIR SPRAY', '16.50', 'HAIR SPRAY FIXA SOLTO 250ML EMY', 1, '1', 1, '2018-06-28 23:01:30', '2018-06-28 23:01:30'),
(244, '7896213114251', 'MOUSSE', '17.19', 'MOUSSE PROTEçãO TERMICA', 4, '1', 1, '2018-06-28 23:03:34', '2018-06-28 23:03:34'),
(245, '7899572806171', 'QUERATINA', '36.89', 'QUERATINA TARJA PRETA LOLA', 2, '1', 1, '2018-06-28 23:06:30', '2018-06-28 23:06:30'),
(246, '7898352912071', 'QUERATINA', '30.45', 'QUERATINA BOTHANICO', 1, '1', 1, '2018-06-28 23:07:50', '2018-06-28 23:07:50'),
(247, '7896150005032', 'Pó DESCOLORANTE', '5.99', 'Pó DESCOLORANTE PO AZUL YAMá 20G', 11, '1', 1, '2018-06-28 23:11:50', '2018-06-28 23:11:50'),
(248, '7896150014560', 'Pó DESCOLORANTE', '5.99', 'Pó DESCOLORANTE PO VIOLETA YAMá 20G', 9, '1', 1, '2018-06-28 23:13:15', '2018-07-04 17:34:31'),
(249, '7896150014577', 'Pó DESCOLORANTE', '8.99', 'Pó DESCOLORANTE PO VIOLETA YAMá 50G', 8, '1', 1, '2018-06-28 23:14:54', '2018-07-04 17:34:02'),
(250, '7898497183541', 'DEFRIZANTE', '24.44', 'DEFRIZANTE MODELADOR HAIR FLY', 1, '1', 1, '2018-06-28 23:18:19', '2018-06-28 23:18:19'),
(251, '7898494051676', 'DEFRIZANTE', '19.71', 'DEFRIZANTE FINA FLOR', 1, '1', 1, '2018-06-28 23:20:32', '2018-07-04 17:12:45'),
(252, '7896018400252', 'CREME DE PENTEAR', '14.95', 'CREME DE PENTEAR REDUçãO DE FRIZ TUTANAT 140ML', 2, '1', 1, '2018-06-28 23:29:28', '2018-06-28 23:29:28'),
(253, '7898623952454', 'DEFRIZANTE', '7.22', 'DEFRIZANTE MEU LISO SALON LINE 100ML', 2, '1', 1, '2018-06-28 23:30:42', '2018-06-28 23:30:42'),
(254, '7898926334802', 'MATIZADOR VERMELHO', '45.00', 'MATIZADOR VERMELHO MATIZ RED FAVIER COSMETICS', 2, '1', 1, '2018-06-28 23:33:13', '2018-06-28 23:33:13'),
(255, '7898315575213', 'MATIZADOR VERMELHO', '21.69', 'MATIZADOR VERMELHO TRANS COLLOR SANNABELL', 2, '1', 1, '2018-06-28 23:36:25', '2018-06-28 23:36:25'),
(256, '7898315575206', 'MATIZADOR AZUL', '21.69', 'MATIZADOR AZUL TRANS COLLOR SANNABELL', 2, '1', 1, '2018-06-28 23:39:09', '2018-06-28 23:39:09'),
(257, '7898947926889', 'MATIZADOR VERMELHO', '29.99', 'MATIZADOR VERMELHO MASCARA DE TRATAMENTO NUTRINTENSE', 1, '1', 1, '2018-06-28 23:40:47', '2018-06-28 23:40:47'),
(258, '7898947926896', 'MATIZADOR PRETO', '29.99', 'MATIZADOR PRETO MASCARA DE TRATAMENTO NUTRINTENSE', 2, '1', 1, '2018-06-28 23:42:46', '2018-06-28 23:42:46'),
(259, '7898497182797', 'TINTA COLORE', '9.49', 'TINTA COLORE 3.0  HAIR FLY', 3, '1', 1, '2018-06-29 21:52:11', '2018-06-29 22:39:34'),
(260, '7898497182780', 'TINTA COLORE', '9.49', 'TINTA COLORE 2.0 HAIR FLY', 4, '1', 1, '2018-06-29 21:53:20', '2018-06-29 22:40:16'),
(261, '7898497182834', 'TINTA COLORE', '9.49', 'TINTA COLORE 5.0 HAIR FLY', 2, '1', 1, '2018-06-29 21:55:18', '2018-06-29 22:41:04'),
(262, '7898497182773', 'TINTA COLORE', '9.49', 'TINTA COLORE 1.0 HAIR FLY', 3, '1', 1, '2018-06-29 21:56:25', '2018-06-29 22:41:30'),
(263, '7898497182810', 'TINTA COLORE', '9.49', 'TINTA COLORE 4.0 HAIR FLY', 3, '1', 1, '2018-06-29 21:57:23', '2018-06-29 21:57:23'),
(264, '7898497182865', 'TINTA COLORE', '9.49', 'TINTA COLORE 6.0 HAIR FLY', 3, '1', 1, '2018-06-29 21:58:20', '2018-06-29 21:58:20'),
(265, '7898497182902', 'TINTA COLORE', '11.49', 'TINTA COLORE 6.66 HAIR FLY', 3, '1', 1, '2018-06-29 21:59:39', '2018-06-29 22:42:01'),
(266, '7898497182803', 'TINTA COLORE', '11.49', 'TINTA COLORE 3.66 HAIR FLY', 3, '1', 1, '2018-06-29 22:01:30', '2018-06-29 22:42:26'),
(267, '7898497182896', 'TINTA COLORE', '11.49', 'TINTA COLORE 6.65 HAIR FLY', 3, '1', 1, '2018-06-29 22:04:14', '2018-06-29 22:42:59'),
(268, '7898497182827', 'TINTA COLORE', '11.49', 'TINTA COLORE 4.66 HAIR FLY', 3, '1', 1, '2018-06-29 22:05:02', '2018-06-29 22:43:26'),
(269, '7898497183817', 'Pó DESCOLORANTE', '6.99', 'Pó DESCOLORANTE CAMOMILA  HAIR FLY', 12, '1', 1, '2018-06-29 22:07:29', '2018-06-29 22:07:29'),
(270, '7898497184135', 'Pó DESCOLORANTE', '6.99', 'Pó DESCOLORANTE SEMI DI LINO HAIR FLY', 10, '1', 1, '2018-06-29 22:08:35', '2018-06-30 23:14:01'),
(271, '7898497183831', 'Pó DESCOLORANTE', '6.99', 'Pó DESCOLORANTE AMONIA FREE', 12, '1', 1, '2018-06-29 22:09:37', '2018-06-29 22:09:37'),
(272, '7898497186733', 'MATIZADOR', '18.90', 'MATIZADOR SHAMPOO DESAMARELADOR HAIR FLY', 2, '1', 1, '2018-06-29 22:12:43', '2018-06-30 23:13:07'),
(273, '7898497186740', 'MATIZADOR', '18.90', 'MATIZADOR CONDICIONADOR DESAMARELADOR HAIR FLY', 3, '1', 1, '2018-06-29 22:13:52', '2018-06-29 22:13:52'),
(274, '7898497186450', 'MATIZADOR', '27.00', 'MATIZADOR MASCARA DESAMARELADOR HAIR FLY', 3, '1', 1, '2018-06-29 22:16:48', '2018-06-29 22:16:48'),
(275, '7896221800092', 'OX 20', '2.00', 'OX 20 MARCIA 70ML', 6, '1', 1, '2018-06-30 14:35:24', '2018-06-30 14:35:24'),
(276, '7896221800108', 'OX 30', '2.00', 'OX 30 MARCIA 70ML', 6, '1', 1, '2018-06-30 14:36:20', '2018-06-30 14:36:20'),
(277, '7896221800115', 'OX 40', '2.00', 'OX 40 MARCIA 70ML', 5, '1', 1, '2018-06-30 14:37:36', '2018-06-30 14:37:36'),
(278, '7896902210561', 'OX 20', '2.00', 'OX 20 FARMAX 90ML', 11, '1', 1, '2018-06-30 14:38:53', '2018-06-30 14:38:53'),
(279, '7896902210608', 'OX 30', '2.00', 'OX 30 FARMAX 90ML', 7, '1', 1, '2018-06-30 14:39:44', '2018-06-30 23:14:19'),
(280, '7896902210646', 'OX 40', '2.00', 'OX 40 FARMAX 90ML', 21, '1', 1, '2018-06-30 14:40:41', '2018-06-30 14:40:41'),
(281, '7897075181078', 'GEL KIDS', '8.41', 'GEL KIDS LAYS 250G', 2, '1', 1, '2018-06-30 14:45:10', '2018-06-30 14:45:10'),
(282, '7898313151884', 'GEL', '6.36', 'GEL BRILHO MOLHADO LAYS 250G', 2, '1', 1, '2018-06-30 14:46:59', '2018-06-30 14:46:59'),
(283, '7898635060086', 'GEL VERDE', '2.49', 'GEL VERDE AGE 220G', 2, '1', 1, '2018-06-30 14:49:09', '2018-06-30 14:49:09'),
(284, '7898313153468', 'GEL COLA', '8.95', 'GEL COLA MEGA FORTE MAX LAY', 2, '1', 1, '2018-06-30 14:51:07', '2018-06-30 14:51:07'),
(285, '7897075181009', 'GEL PEDRA', '11.74', 'GEL PEDRA ULTRA FORTE MAX LAY', 2, '1', 1, '2018-06-30 14:53:32', '2018-06-30 14:53:32'),
(286, NULL, 'GEL KIDS', '8.59', 'GEL KIDS ROSA LAYS 240G', 1, '1', 1, '2018-06-30 14:55:32', '2018-06-30 14:55:32'),
(287, '7898313150757', 'GEL', '4.84', 'GEL TRASPARENTE LAYS 240G', 1, '1', 1, '2018-06-30 14:58:43', '2018-06-30 14:58:43'),
(288, '7898635060079', 'GEL', '2.49', 'GEL TRASPARENTE AGE 220G', 1, '1', 1, '2018-06-30 15:00:58', '2018-06-30 15:00:58'),
(289, '7898313150740', 'GEL', '4.84', 'GEL AZUL LAYS 240G', 1, '1', 1, '2018-06-30 15:02:56', '2018-06-30 15:02:56'),
(290, '7898635060093', 'GEL', '2.49', 'GEL AZUL AGE 220G', 1, '1', 1, '2018-06-30 15:06:41', '2018-06-30 15:06:41'),
(291, '7897075181047', 'GEL', '19.05', 'GEL LAYS 1KG', 1, '1', 1, '2018-06-30 15:11:12', '2018-06-30 15:11:12'),
(292, '7898932238379', 'Pó DESCOLORANTE', '24.99', 'Pó DESCOLORANTE LATA SELECTA PREMIUM', 12, '1', 1, '2018-06-30 15:24:45', '2018-06-30 15:24:45'),
(293, '7896150016779', 'Pó DESCOLORANTE', '22.99', 'Pó DESCOLORANTE REFIL YAMá 300G', 1, '1', 1, '2018-06-30 15:28:02', '2018-07-04 17:33:09'),
(294, '7896605217348', 'SHAMPOO NEUTRO', '20.99', 'SHAMPOO NEUTRO OURIBEL 1L', 1, '1', 1, '2018-06-30 15:30:15', '2018-06-30 15:30:15'),
(295, '7896605217416', 'CONDICIONADOR NEUTRO', '20.99', 'CONDICIONADOR NEUTRO OURIBEL 1L', 1, '1', 1, '2018-06-30 15:33:04', '2018-06-30 15:33:04'),
(296, '7896605218703', 'SHAMPOO COCO', '20.99', 'SHAMPOO COCO OURIBEL 1L', 1, '1', 1, '2018-06-30 15:35:37', '2018-06-30 15:35:37'),
(297, '7896605218710', 'CONDICIONADOR COCO', '20.99', 'CONDICIONADOR COCO OURIBEL 1L', 1, '1', 1, '2018-06-30 15:37:00', '2018-06-30 15:37:00'),
(298, '7896605217355', 'SHAMPOO MANDIOCA', '20.99', 'SHAMPOO MANDIOCA OURIBEL 1L', 1, '1', 1, '2018-06-30 15:38:51', '2018-06-30 15:38:51'),
(299, '7896605217423', 'CONDICIONADOR MANDIOCA', '20.99', 'CONDICIONADOR MANDIOCA OURIBEL 1L', 1, '1', 1, '2018-06-30 15:40:11', '2018-06-30 15:40:11'),
(300, '7896605218741', 'SHAMPOO DETOX', '20.99', 'SHAMPOO DETOX OURIBEL 1L', 2, '1', 1, '2018-06-30 15:41:58', '2018-06-30 15:41:58'),
(301, '7896605218758', 'CONDICIONADOR DETOX', '20.99', 'CONDICIONADOR DETOX OURIBEL 1L', 2, '1', 1, '2018-06-30 15:47:43', '2018-06-30 15:47:43'),
(302, '7896605217362', 'SHAMPOO ARGAN', '20.99', 'SHAMPOO ARGAN OURIBEL 1L', 1, '1', 1, '2018-06-30 15:54:09', '2018-06-30 15:54:09'),
(303, '7896605217430', 'CONDICIONADOR ARGAN', '20.99', 'CONDICIONADOR ARGAN OURIBEL 1L', 1, '1', 1, '2018-06-30 16:10:20', '2018-06-30 16:10:20'),
(304, '7896605217379', 'SHAMPOO SEM SAL', '20.99', 'SHAMPOO SEM SAL OURIBEL 1L', 2, '1', 1, '2018-06-30 16:11:28', '2018-06-30 16:11:28'),
(305, '7896605215771', 'SHAMPOO ANTIRRESIDUOS', '37.50', 'SHAMPOO ANTIRRESIDUOS OURIBEL 2L', 5, '1', 1, '2018-06-30 16:16:03', '2018-06-30 16:16:03'),
(306, '7896203101889', 'SHAMPOO PROFISSIONAL', '34.47', 'SHAMPOO PROFISSIONAL FRIZON ARGAN 5L', 1, '1', 1, '2018-06-30 16:51:05', '2018-06-30 16:51:05'),
(307, '7898573201497', 'CONDICIONADOR PROFISSIONAL', '35.99', 'CONDICIONADOR PROFISSIONAL REVITALIZANTE POPCLEAN 5L', 1, '1', 1, '2018-06-30 16:53:16', '2018-06-30 16:53:16'),
(308, '7896509960548', 'OX 1L', '13.65', 'OX 1L VOLUME 10 BEAUTYCOLOR', 1, '1', 1, '2018-06-30 16:58:55', '2018-06-30 16:58:55'),
(309, '7896150017288', 'OX 900ML', '19.99', 'OX 900ML VOLUME 30 YAMá', 4, '1', 1, '2018-06-30 17:01:22', '2018-06-30 17:01:22'),
(310, '7896150017295', 'OX 900ML', '19.99', 'OX 900ML VOLUME 40 YAMá', 1, '1', 1, '2018-06-30 17:02:43', '2018-06-30 17:02:43'),
(311, '7896150017271', 'OX 900ML', '19.99', 'OX 900ML VOLUME 20 YAMá', 1, '1', 1, '2018-06-30 17:03:49', '2018-06-30 17:03:49'),
(312, '7898126400674', 'BIO EXTRATUS', '52.05', 'BIO EXTRATUS BANHO DE CREME ANTIQUEDA 1KG', 0, '1', 1, '2018-06-30 20:10:01', '2018-07-04 16:53:05'),
(313, '7898126402234', 'BIO EXTRATUS', '35.25', 'BIO EXTRATUS BANHO DE CREME ANTIQUEDA 500G', 1, '1', 1, '2018-06-30 20:11:55', '2018-07-04 16:52:20'),
(314, '7898126400728', 'BIO EXTRATUS', '24.10', 'BIO EXTRATUS BANHO DE CREME ANTIQUEDA 250G', 1, '1', 1, '2018-06-30 20:13:09', '2018-07-04 16:52:42'),
(315, '7898126400346', 'BIO EXTRATUS', '26.49', 'BIO EXTRATUS SHAMPOO ANTIQUEDA', 1, '1', 1, '2018-06-30 20:14:16', '2018-07-04 17:04:06'),
(316, '7898126400353', 'BIO EXTRATUS', '26.49', 'BIO EXTRATUS CONDICIONADOR ANTIQUEDA', 1, '1', 1, '2018-06-30 20:15:28', '2018-07-04 17:04:19'),
(317, '7898126407314', 'BIO EXTRATUS', '25.03', 'BIO EXTRATUS FINALIZADOR JABORANDI', 2, '1', 1, '2018-06-30 20:19:43', '2018-06-30 20:19:43'),
(318, '7898126400070', 'BIO EXTRATUS', '52.09', 'BIO EXTRATUS BANHO DE CREME TUTANO 1KG', 0, '1', 1, '2018-06-30 20:22:58', '2018-07-04 16:54:44'),
(319, '7898126402227', 'BIO EXTRATUS', '32.25', 'BIO EXTRATUS BANHO DE CREME TUTANO 500G', 1, '1', 1, '2018-06-30 20:24:11', '2018-07-04 16:54:58'),
(320, '7898126400087', 'BIO EXTRATUS', '24.10', 'BIO EXTRATUS BANHO DE CREME TUTANO 250G', 2, '1', 1, '2018-06-30 20:25:40', '2018-06-30 20:25:40'),
(321, '7898126400117', 'BIO EXTRATUS', '31.78', 'BIO EXTRATUS CREME DE SILICONE TUTANO', 1, '1', 1, '2018-06-30 20:27:35', '2018-06-30 20:27:35'),
(322, '7898126400247', 'BIO EXTRATUS', '26.49', 'BIO EXTRATUS SHAMPOO TUTANO', 2, '1', 1, '2018-06-30 20:28:46', '2018-06-30 20:28:46'),
(323, '7898126400254', 'BIO EXTRATUS', '26.49', 'BIO EXTRATUS CONDICIONADOR TUTANO', 2, '1', 1, '2018-06-30 20:30:18', '2018-06-30 20:30:18'),
(324, '7898126407901', 'BIO EXTRATUS', '35.25', 'BIO EXTRATUS BANHO DE CREME PóS-QUIMICA 500G', 1, '1', 1, '2018-06-30 20:38:12', '2018-07-04 16:56:17'),
(325, '7898126407796', 'BIO EXTRATUS', '24.10', 'BIO EXTRATUS BANHO DE CREME PóS-QUIMICA 250G', 0, '1', 1, '2018-06-30 20:39:53', '2018-07-04 16:56:45'),
(326, '7898126407772', 'BIO EXTRATUS', '26.49', 'BIO EXTRATUS SHAMPOO PóS-QUIMICA', 1, '1', 1, '2018-06-30 20:41:01', '2018-07-04 16:56:59'),
(327, '7898126407789', 'BIO EXTRATUS', '26.49', 'BIO EXTRATUS CONDICIONADOR PóS-QUIMICA', 1, '1', 1, '2018-06-30 20:43:06', '2018-07-04 16:57:10'),
(328, '7898126407802', 'BIO EXTRATUS', '25.03', 'BIO EXTRATUS FINALIZADOR PóS-QUIMICA', 1, '1', 1, '2018-06-30 20:44:32', '2018-07-04 16:57:31'),
(329, '7898126409172', 'BIO EXTRATUS', '38.34', 'BIO EXTRATUS BANHO DE CREME PóS-COLORAçãO 500G', 0, '1', 1, '2018-06-30 20:47:03', '2018-07-04 16:59:06'),
(330, '7898126409004', 'BIO EXTRATUS', '24.42', 'BIO EXTRATUS BANHO DE CREME PóS-COLORAçãO 250G', 1, '1', 1, '2018-06-30 20:49:41', '2018-06-30 20:49:41'),
(331, '7898126408953', 'BIO EXTRATUS', '26.73', 'BIO EXTRATUS SHAMPOO PóS-COLORAçãO', 0, '1', 1, '2018-06-30 20:51:53', '2018-07-04 16:58:46'),
(332, '7898126409035', 'BIO EXTRATUS', '25.09', 'BIO EXTRATUS FINALIZADOR PóS-COLORALAçãO', 1, '1', 1, '2018-06-30 20:53:23', '2018-06-30 20:53:23'),
(333, '7898126403514', 'BIO EXTRATUS', '63.00', 'BIO EXTRATUS MASCARA SHITAKE 1KG', 1, '1', 1, '2018-06-30 21:00:42', '2018-06-30 21:00:42'),
(334, '7898126403507', 'BIO EXTRATUS', '39.00', 'BIO EXTRATUS MASCARA SHITAKE 500G', 1, '1', 1, '2018-06-30 21:01:45', '2018-06-30 21:01:45'),
(335, '7898126403491', 'BIO EXTRATUS', '26.49', 'BIO EXTRATUS MASCARA SHITAKE 250G', 1, '1', 1, '2018-06-30 21:02:40', '2018-06-30 21:02:40'),
(336, '7898126403453', 'BIO EXTRATUS', '34.50', 'BIO EXTRATUS SHAMPOO SHITAKE', 2, '1', 1, '2018-06-30 21:04:39', '2018-06-30 21:04:39'),
(337, '7898126403477', 'BIO EXTRATUS', '34.50', 'BIO EXTRATUS CONDICIONADOR SHITAKE', 2, '1', 1, '2018-06-30 21:07:23', '2018-06-30 21:07:23'),
(338, '7898126403538', 'BIO EXTRATUS', '32.52', 'BIO EXTRATUS FINALIZADOR SHITAKE', 1, '1', 1, '2018-06-30 21:09:33', '2018-06-30 21:09:33'),
(339, '7898126402562', 'BIO EXTRATUS', '63.00', 'BIO EXTRATUS MASCARA QUERAVIT 1KG', 1, '1', 1, '2018-06-30 21:12:21', '2018-06-30 21:12:21'),
(340, '7898126402883', 'BIO EXTRATUS', '39.00', 'BIO EXTRATUS MASCARA QUERAVIT 500G', 2, '1', 1, '2018-06-30 21:13:32', '2018-06-30 21:13:32'),
(341, '7898126401190', 'BIO EXTRATUS', '26.49', 'BIO EXTRATUS MASCARA QUERAVIT 250G', 2, '1', 1, '2018-06-30 21:14:42', '2018-06-30 21:14:42'),
(342, '7898126404207', 'BIO EXTRATUS', '28.89', 'BIO EXTRATUS SHAMPOO QUERAVIT', 2, '1', 1, '2018-06-30 21:15:39', '2018-06-30 21:15:39'),
(343, '7898126404160', 'BIO EXTRATUS', '25.89', 'BIO EXTRATUS CONDICIONADOR QUERAVIT', 2, '1', 1, '2018-06-30 21:16:58', '2018-06-30 21:16:58'),
(344, '7898126404177', 'BIO EXTRATUS', '28.00', 'BIO EXTRATUS FINALIZADOR QUERAVIT', 1, '1', 1, '2018-06-30 21:18:03', '2018-06-30 21:18:03'),
(345, '7898574430568', 'SHAMPOO DESAMARELADOR', '48.00', 'SHAMPOO DESAMARELADOR PERFECT PLATINUM LAGUNE', 2, '1', 1, '2018-07-04 17:08:45', '2018-07-04 17:10:50'),
(346, '7898574430438', 'MASCARA VIOLETA', '48.00', 'MASCARA VIOLETA LAGUNE', 2, '1', 1, '2018-07-04 17:10:26', '2018-07-04 17:10:26'),
(347, '7898524340732', 'TINTURA 1.0', '10.99', 'TINTURA 1.0 SALON LINE', 1, '1', 1, '2018-07-04 21:49:28', '2018-07-04 21:49:28'),
(348, '7898009435861', 'TINTURA 3.0', '10.99', 'TINTURA 3.0 SALON LINE', 2, '1', 1, '2018-07-04 21:50:47', '2018-07-04 21:50:47'),
(349, '7898009435878', 'TINTURA 4.0', '10.99', 'TINTURA 4.0 SALON LINE', 2, '1', 1, '2018-07-04 21:51:47', '2018-07-04 21:51:47'),
(350, '7898009435885', 'TINTURA 5.0', '10.99', 'TINTURA 5.0 SALON LINE', 1, '1', 1, '2018-07-04 21:53:14', '2018-07-04 21:53:14'),
(351, '7898009435892', 'TINTURA 6.0', '10.99', 'TINTURA 6.0 SALON LINE', 3, '1', 1, '2018-07-04 21:55:26', '2018-07-04 21:55:26'),
(352, '7898009435915', 'TINTURA 8.0', '10.99', 'TINTURA 8.0 SALON LINE', 2, '1', 1, '2018-07-04 21:56:47', '2018-07-04 21:56:47'),
(353, '7898009436073', 'TINTURA 6.7', '10.99', 'TINTURA 6.7 SALON LINE', 4, '1', 1, '2018-07-04 22:05:56', '2018-07-04 22:05:56'),
(354, '7898009436165', 'TINTURA 6.62', '12.99', 'TINTURA 6.62 SALON LINE', 1, '1', 1, '2018-07-04 22:07:38', '2018-07-04 22:07:38'),
(355, '7898009436172', 'TINTURA 6.66', '12.99', 'TINTURA 6.66 SALON LINE', 2, '1', 1, '2018-07-04 22:12:57', '2018-07-04 22:12:57'),
(356, '7898009436134', 'TINTURA 3.66', '12.99', 'TINTURA 3.66 SALON LINE', 2, '1', 1, '2018-07-04 22:15:06', '2018-07-04 22:15:06'),
(357, '7898524346178', 'TINTURA 55.46', '12.99', 'TINTURA 55.46 SALON LINE', 4, '1', 1, '2018-07-04 22:17:33', '2018-07-04 22:17:33'),
(358, '7898009436141', 'TINTURA 4.65', '12.99', 'TINTURA 4.65 SALON LINE', 1, '1', 1, '2018-07-04 22:19:12', '2018-07-04 22:19:12'),
(359, '7898939082036', 'TINTURA 7.66', '12.99', 'TINTURA 7.66 SALON LINE', 2, '1', 1, '2018-07-04 22:20:40', '2018-07-04 22:20:40');
INSERT INTO `produtos` (`id`, `codigo`, `nome`, `valor`, `descricao`, `quantidade`, `ativo`, `user_id`, `created_at`, `updated_at`) VALUES
(360, '7899009435922', 'TITURA 9.0', '10.99', 'TITURA 9.0 SALON LINE', 2, '1', 1, '2018-07-04 22:31:03', '2018-07-04 22:31:03'),
(361, '7898009435984', 'TINTURA 12.0', '10.99', 'TINTURA 12.0 SALON LINE', 2, '1', 1, '2018-07-04 22:32:04', '2018-07-04 22:32:04'),
(362, '7898524343337', 'TINTURA 12.11', '12.99', 'TINTURA 12.11 SALON LINE', 4, '1', 1, '2018-07-04 22:34:33', '2018-07-04 22:34:33'),
(363, '7898524343351', 'DESAMARELADOR', '12.99', 'DESAMARELADOR SALON LINE', 1, '1', 1, '2018-07-04 22:38:12', '2018-07-04 22:38:12'),
(364, '7898524341920', 'TINTURA SEM AMONIA', '12.29', 'TINTURA SEM AMONIA 1.0 SALON LINE', 3, '1', 1, '2018-07-04 22:40:00', '2018-07-04 22:40:00'),
(365, '7898939082555', 'TINTURA SEM AMONIA', '12.29', 'TINTURA SEM AMONIA 3.0 SALON LINE', 1, '1', 1, '2018-07-04 22:41:55', '2018-07-04 22:41:55'),
(366, '7898939082562', 'TINTURA SEM AMONIA', '12.29', 'TINTURA SEM AMONIA 4.0 SALON LINE', 3, '1', 1, '2018-07-04 22:43:28', '2018-07-04 22:43:28'),
(367, '7898939082579', 'TINTURA SEM AMONIA', '12.29', 'TINTURA SEM AMONIA 5.0 SALON LINE', 1, '1', 1, '2018-07-04 22:46:47', '2018-07-04 22:46:47'),
(368, '7898939082593', 'TINTURA SEM AMONIA', '12.29', 'TINTURA SEM AMONIA 7.0 SALON LINE', 4, '1', 1, '2018-07-04 22:49:28', '2018-07-04 22:49:28'),
(369, '7898524342071', 'TINTURA SEM AMONIA', '12.29', 'TINTURA SEM AMONIA 8.0 SALON LINE', 2, '1', 1, '2018-07-04 22:55:54', '2018-07-04 22:55:54'),
(370, '7898939082647', 'TINTURA SEM AMONIA', '12.29', 'TINTURA SEM AMONIA 4.77 SALON LINE', 2, '1', 1, '2018-07-04 22:58:49', '2018-07-04 22:58:49'),
(371, '7898939082609', 'TINTURA SEM AMONIA', '12.29', 'TINTURA SEM AMONIA 6.7 SALON LINE', 2, '1', 1, '2018-07-04 22:59:35', '2018-07-04 22:59:35'),
(372, '7898524342057', 'TINTURA SEM AMONIA', '12.29', 'TINTURA SEM AMONIA 7.1 SALON LINE', 3, '1', 1, '2018-07-04 23:04:14', '2018-07-04 23:04:14'),
(373, '7898939082630', 'TINTURA SEM AMONIA', '12.29', 'TINTURA SEM AMONIA 4.66 SALON LINE', 2, '1', 1, '2018-07-04 23:08:27', '2018-07-04 23:08:27'),
(374, '7898939082654', 'TINTURA SEM AMONIA', '12.29', 'TINTURA SEM AMONIA 66.46 SALON LINE', 3, '1', 1, '2018-07-04 23:10:24', '2018-07-04 23:10:24'),
(375, '7896150015468', 'TINTA YAMá', '10.49', 'TINTA YAMá 9.1 FASHION COLOR', 3, '1', 1, '2018-07-05 14:58:45', '2018-07-05 14:58:45'),
(376, '7896150015703', 'TINTA YAMá', '10.49', 'TINTA YAMá 2011 FASHION COLOR', 1, '1', 1, '2018-07-05 15:01:06', '2018-07-05 15:01:06'),
(377, '7896509956350', 'TINTA BEAUTYCOLOR', '18.99', 'TINTA BEAUTYCOLOR 10.11', 1, '1', 1, '2018-07-05 15:03:28', '2018-07-05 15:03:28'),
(378, '7896380603060', 'TINTA KERATON', '27.99', 'TINTA KERATON 3.0 DEMI COLOR', 0, '1', 1, '2018-07-05 15:04:42', '2018-07-05 15:04:42'),
(379, '7898524342712', 'TINTURA 1.0', '13.99', 'TINTURA 1.0 COLOR TOTAL PRO', 2, '1', 1, '2018-07-05 15:30:35', '2018-07-05 15:30:35'),
(380, '7898524342729', 'TINTURA 2.0', '13.99', 'TINTURA 2.0 COLOR TOTAL PRO', 2, '1', 1, '2018-07-05 15:32:53', '2018-07-05 15:32:53'),
(381, '7898524342736', 'TINTURA 3.0', '13.99', 'TINTURA 3.0 COLOR TOTAL PRO', 1, '1', 1, '2018-07-05 15:35:48', '2018-07-05 15:35:48'),
(382, '7898524342743', 'TINTURA 4.0', '13.99', 'TINTURA 4.0 COLOR TOTAL PRO', 2, '1', 1, '2018-07-05 15:36:59', '2018-07-05 15:36:59'),
(383, '7898524342774', 'TINTURA 7.0', '13.99', 'TINTURA 7.0 COLOR TOTAL PRO', 1, '1', 1, '2018-07-05 15:45:16', '2018-07-05 15:45:16'),
(384, '7898524342781', 'TINTURA 8.0', '13.99', 'TINTURA 8.0 COLOR TOTAL PRO', 1, '1', 1, '2018-07-05 15:47:46', '2018-07-05 15:47:46'),
(385, '7898524342859', 'TINTURA 6.7', '13.99', 'TINTURA 6.7 COLOR TOTAL PRO', 1, '1', 1, '2018-07-05 15:50:22', '2018-07-05 15:50:22'),
(386, '7898524342811', 'TINTURA 7.1', '13.99', 'TINTURA 7.1 COLOR TOTAL PRO', 1, '1', 1, '2018-07-05 15:51:58', '2018-07-05 15:51:58'),
(387, '7898524342828', 'TINTURA  8.1', '13.99', 'TINTURA  8.1 COLOR TOTAL PRO', 1, '1', 1, '2018-07-05 15:53:48', '2018-07-05 15:53:48'),
(388, '7898524342910', 'TINTURA 8.31', '13.99', 'TINTURA 8.31 COLOR TOTAL PRO', 1, '1', 1, '2018-07-05 16:01:54', '2018-07-05 16:01:54'),
(389, '7898524342804', 'TINTURA 10.0', '13.99', 'TINTURA 10.0 COLOR TOTAL PRO', 1, '1', 1, '2018-07-05 16:05:19', '2018-07-05 16:05:19'),
(390, '7898524342897', 'TINTURA 12.0', '13.99', 'TINTURA 12.0 COLOR TOTAL PRO', 1, '1', 1, '2018-07-05 16:07:09', '2018-07-05 16:07:09'),
(391, '7898524342880', 'TINTURA 66.64', '13.99', 'TINTURA 66.64 COLOR TOTAL PRO', 2, '1', 1, '2018-07-05 16:13:57', '2018-07-05 16:13:57'),
(392, '7898524342873', 'TINTURA 6.66', '13.99', 'TINTURA 6.66 COLOR TOTAL PRO', 2, '1', 1, '2018-07-05 16:15:28', '2018-07-05 16:15:28'),
(393, '7898524343368', 'DESAMARELADOR', '13.99', 'DESAMARELADOR COLOR TOTAL', 1, '1', 1, '2018-07-05 16:17:25', '2018-07-05 16:17:25'),
(394, '7898610370308', 'TINTURA 1.0', '22.30', 'TINTURA 1.0 HASKELL', 1, '1', 1, '2018-07-05 16:36:49', '2018-07-05 16:36:49'),
(395, '7898610370315', 'TINTURA 2.0', '22.30', 'TINTURA 2.0 HASKELL', 1, '1', 1, '2018-07-05 16:56:22', '2018-07-05 16:56:22'),
(396, '7898610370322', 'TINTURA 3.0', '22.30', 'TINTURA 3.0 HASKELL', 2, '1', 1, '2018-07-05 16:59:18', '2018-07-05 16:59:18'),
(397, '7898610370339', 'TINTURA 4.0', '22.30', 'TINTURA 4.0 HASKELL', 2, '1', 1, '2018-07-05 17:00:31', '2018-07-05 17:00:31'),
(398, '7898610370346', 'TINTURA 5.0', '22.30', 'TINTURA 5.0 HASKELL', 1, '1', 1, '2018-07-05 17:02:23', '2018-07-05 17:02:23'),
(399, '7898610370360', 'TINTURA 7.0', '22.30', 'TINTURA 7.0 HASKELL', 1, '1', 1, '2018-07-05 17:06:14', '2018-07-05 17:06:14'),
(400, '7898610370384', 'TINTURA 9.0', '22.30', 'TINTURA 9.0 HASKELL', 1, '1', 1, '2018-07-05 17:19:33', '2018-07-05 17:19:33'),
(401, '7898610370407', 'TINTURA 5.1', '22.30', 'TINTURA 5.1 HASKELL', 2, '1', 1, '2018-07-05 17:24:23', '2018-07-05 17:24:23'),
(402, '7898610370452', 'TINTURA 5.3', '22.30', 'TINTURA 5.3 HASKELL', 1, '1', 1, '2018-07-05 17:26:05', '2018-07-05 17:26:05'),
(403, '7898610370414', 'TINTURA 6.1', '22.30', 'TINTURA 6.1 HASKELL', 2, '1', 1, '2018-07-05 17:27:55', '2018-07-05 17:27:55'),
(404, '7898610370469', 'TINTURA 6.3', '22.30', 'TINTURA 6.3 HASKELL', 2, '1', 1, '2018-07-05 17:34:03', '2018-07-05 17:34:29'),
(405, '7898610370421', 'TINTURA 7.1', '22.30', 'TINTURA 7.1 HASKELL', 2, '1', 1, '2018-07-05 17:40:39', '2018-07-05 17:40:39'),
(406, '7898610370476', 'TINTURA 7.3', '22.30', 'TINTURA 7.3 HASKELL', 1, '1', 1, '2018-07-05 17:44:38', '2018-07-05 17:44:38'),
(407, '7898610370483', 'TINTURA 8.3', '22.30', 'TINTURA 8.3 HASKELL', 2, '1', 1, '2018-07-05 17:45:56', '2018-07-05 17:45:56'),
(408, '7898610370506', 'TINTURA 8.31', '22.30', 'TINTURA 8.31 HASKEL', 2, '1', 1, '2018-07-05 17:47:27', '2018-07-05 17:47:27'),
(409, '7898610370667', 'TINTURA 12.0', '22.30', 'TINTURA 12.0 HASKELL', 1, '1', 1, '2018-07-05 17:48:16', '2018-07-05 17:48:16'),
(410, '7898610370575', 'TINTURA 6.71', '22.30', 'TINTURA 6.71 HASKELL', 2, '1', 1, '2018-07-05 21:13:18', '2018-07-05 21:13:18'),
(411, '7898610370599', 'TINTURA 6.41', '22.30', 'TINTURA 6.41 HASKELL', 2, '1', 1, '2018-07-05 21:17:51', '2018-07-05 21:17:51'),
(412, '7898610370582', 'TINTURA 7.71', '22.30', 'TINTURA 7.71 HASKELL', 2, '1', 1, '2018-07-05 21:18:54', '2018-07-05 21:18:54'),
(413, '7898610370568', 'TINTURA 5.71', '22.30', 'TINTURA 5.71 HASKELL', 2, '1', 1, '2018-07-05 21:20:31', '2018-07-05 21:20:31'),
(414, '7898610370551', 'TINTURA 7.7', '22.30', 'TINTURA 7.7 HASKELL', 2, '1', 1, '2018-07-05 22:00:05', '2018-07-05 22:10:34'),
(415, '7898610370537', 'TINTURA 5.7', '22.30', 'TINTURA 5.7 HASKELL', 1, '1', 1, '2018-07-05 22:06:48', '2018-07-05 22:06:48'),
(416, '7898610370544', 'TINTURA 6.7', '22.30', 'TINTURA 6.7 HASKELL', 2, '1', 1, '2018-07-05 22:08:17', '2018-07-05 22:08:17'),
(417, '7898610370612', 'TINTURA 4.66', '22.30', 'TINTURA 4.66 HASKELL', 1, '1', 1, '2018-07-05 22:11:53', '2018-07-05 22:15:23'),
(418, '7898610370636', 'TINTURA 6.66', '22.30', 'TINTURA 6.66 HASKELL', 0, '1', 1, '2018-07-05 22:13:26', '2018-07-05 22:13:26'),
(419, '7898610370629', 'TINTURA 5.56', '22.30', 'TINTURA 5.56 HASKELL', 2, '1', 1, '2018-07-05 22:14:51', '2018-07-05 22:14:51'),
(420, '7896000705969', 'TINTURA 3.0', '10.35', 'TINTURA 3.0 COR E TON', 1, '1', 1, '2018-07-05 22:21:54', '2018-07-05 22:21:54'),
(421, '7896000705952', 'TINTURA 2.0', '10.35', 'TINTURA 2.0 COR E TON', 2, '1', 1, '2018-07-05 22:23:47', '2018-07-05 22:25:30'),
(422, '7896000705945', 'TINTURA 1.0', '10.35', 'TINTURA 1.0 COR E TON', 0, '1', 1, '2018-07-05 22:25:06', '2018-07-05 22:25:06'),
(423, '7896013544098', 'TINTURA 2.0', '9.99', 'TINTURA 2.0 MAXTON', 1, '1', 1, '2018-07-05 22:30:23', '2018-07-05 22:30:23'),
(424, '7896013544203', 'TINTURA 3.0', '9.99', 'TINTURA 3.0 MAXTON', 0, '1', 1, '2018-07-05 22:34:57', '2018-07-05 22:34:57'),
(425, '7896013544197', 'TINTURA 1.7', '9.99', 'TINTURA 1.7 MAXTON', 2, '1', 1, '2018-07-05 22:43:09', '2018-07-05 22:43:09'),
(426, '7896013544517', 'TINTURA 1.0', '9.99', 'MAXTON', 1, '0', 1, '2018-07-05 22:44:51', '2020-01-02 19:32:26'),
(427, '123456', 'TESTE', '120.20', 'TESTE', 0, '0', 1, '2018-07-06 11:59:54', '2019-05-01 19:32:48'),
(428, '0011', 'PRODUTO TESTE 2019', '12.32', 'PRODUTO TESTE 2019 TESTE', 3, '1', 2, '2019-12-11 11:38:41', '2019-12-11 11:38:41'),
(429, '7898126100178', 'CASTANHA DE CAJU', '4.00', 'CASTANHA DE CAJU ', 0, '1', 2, '2020-01-17 19:46:28', '2020-01-17 19:46:28'),
(430, '9788525062499', 'LIVRO DE PSICOLOGIA', '45.00', 'LIVRO DE PSICOLOGIA ', 0, '1', 2, '2020-01-17 19:50:52', '2020-01-17 19:50:52'),
(431, '0107898931331156', 'NOTEBOOK DELL', '100.00', '', 0, '0', 2, '2020-01-17 19:55:13', '2020-01-17 20:09:03'),
(432, '7894000010014', 'MAIZENA', '12.00', 'MAIZENA ', 1, '1', 2, '2020-01-28 12:00:34', '2020-01-28 12:00:34'),
(433, '7891150044104', 'CALDO DE GALINHA', '4.00', 'CALDO DE GALINHA ', 1, '1', 2, '2020-01-28 12:02:03', '2020-01-28 12:02:03'),
(434, '123546548', '', '15.36', 'PRODUTO TESTE', 5, '1', 2, '2020-01-31 14:21:39', '2020-01-31 14:21:39');

-- --------------------------------------------------------

--
-- Estrutura da tabela `users`
--

CREATE TABLE `users` (
  `id` int(10) UNSIGNED NOT NULL,
  `name` varchar(191) COLLATE utf8mb4_unicode_ci NOT NULL,
  `email` varchar(191) COLLATE utf8mb4_unicode_ci NOT NULL,
  `password` varchar(191) COLLATE utf8mb4_unicode_ci NOT NULL,
  `remember_token` varchar(100) COLLATE utf8mb4_unicode_ci DEFAULT NULL,
  `created_at` timestamp NULL DEFAULT NULL,
  `updated_at` timestamp NULL DEFAULT NULL
) ENGINE=InnoDB DEFAULT CHARSET=utf8mb4 COLLATE=utf8mb4_unicode_ci;

--
-- Extraindo dados da tabela `users`
--

INSERT INTO `users` (`id`, `name`, `email`, `password`, `remember_token`, `created_at`, `updated_at`) VALUES
(1, 'nátaly', 'nataly_simplismente_bela@hotmail.com', '$2y$10$wo1I5EieSFRc0MWHX2JSM.mAk/uUVV8TeynzNmv6Puez9YFZXi0CG', 'O7uzyWsihNPN0rtI8Hub59nGyeUe5IFJh1P7a2HmIF05npi9rk8BYW9WlwTF', '2018-07-06 11:48:04', '2018-07-06 11:48:04'),
(2, 'davi', 'davi-bispo@hotmail.com', '$2y$10$uBAtxg23a/D5fyuoHhDvmuXWC85AOeVt5iO12SwRGwXxhMgFkvx6K', 'sVg35828ShT6RTJiT4KANnPuHOBcagvPpYcDkFQQJyXHPAPyp8DAN17ATeI6', '2018-07-18 18:26:51', '2018-07-18 18:26:51');

-- --------------------------------------------------------

--
-- Estrutura da tabela `vendas`
--

CREATE TABLE `vendas` (
  `id` int(10) UNSIGNED NOT NULL,
  `produto_id` int(10) UNSIGNED NOT NULL,
  `preco` decimal(5,2) NOT NULL,
  `data_venda` date NOT NULL,
  `user_id` int(10) UNSIGNED NOT NULL,
  `cesta` int(11) NOT NULL,
  `status` char(191) COLLATE utf8mb4_unicode_ci DEFAULT '1',
  `ativo` char(191) COLLATE utf8mb4_unicode_ci DEFAULT '1',
  `created_at` timestamp NULL DEFAULT NULL,
  `updated_at` timestamp NULL DEFAULT NULL
) ENGINE=InnoDB DEFAULT CHARSET=utf8mb4 COLLATE=utf8mb4_unicode_ci;

--
-- Extraindo dados da tabela `vendas`
--

INSERT INTO `vendas` (`id`, `produto_id`, `preco`, `data_venda`, `user_id`, `cesta`, `status`, `ativo`, `created_at`, `updated_at`) VALUES
(1, 378, '27.99', '2018-07-06', 1, 10, '2', '1', '2018-07-06 12:03:02', '2018-07-06 12:03:02'),
(2, 422, '10.35', '2018-07-06', 1, 10, '2', '1', '2018-07-06 12:03:35', '2018-07-06 12:03:35'),
(3, 418, '22.30', '2018-07-06', 1, 10, '2', '1', '2018-07-06 12:03:46', '2018-07-06 12:03:46'),
(4, 427, '120.20', '2018-07-06', 1, 0, '1', '0', '2018-07-06 12:05:04', '2018-07-06 12:05:26'),
(5, 427, '120.20', '2018-07-06', 1, 9, '2', '1', '2018-07-06 12:05:48', '2018-07-06 12:05:48'),
(6, 426, '9.99', '2018-07-18', 2, 8, '2', '1', '2018-07-18 18:28:42', '2018-07-18 18:28:42'),
(7, 424, '9.99', '2018-07-18', 2, 8, '2', '1', '2018-07-18 18:28:46', '2018-07-18 18:28:46'),
(8, 415, '22.30', '2018-07-18', 2, 8, '2', '1', '2018-07-18 18:28:52', '2018-07-18 18:28:52'),
(9, 363, '12.99', '2019-05-01', 2, 0, '1', '0', '2019-05-01 19:35:11', '2019-05-01 19:35:33'),
(10, 363, '12.99', '2019-05-01', 2, 7, '2', '1', '2019-05-01 19:35:56', '2019-05-01 19:35:56'),
(11, 418, '22.30', '2019-05-01', 2, 0, '1', '0', '2019-05-01 19:36:25', '2019-05-01 19:36:32'),
(12, 418, '22.30', '2019-05-01', 2, 7, '2', '1', '2019-05-01 19:36:39', '2019-05-01 19:36:39'),
(13, 428, '12.32', '2019-12-11', 2, 5, '2', '1', '2019-12-11 11:39:52', '2019-12-11 11:39:52'),
(14, 422, '10.35', '2019-12-11', 2, 5, '2', '1', '2019-12-11 11:40:03', '2019-12-11 11:40:03'),
(15, 429, '4.00', '2020-01-17', 2, 3, '2', '1', '2020-01-17 19:49:27', '2020-01-17 19:49:27'),
(16, 431, '100.00', '2020-01-17', 2, 3, '2', '1', '2020-01-17 19:55:52', '2020-01-17 19:55:52'),
(17, 430, '45.00', '2020-01-17', 2, 3, '2', '1', '2020-01-17 19:56:04', '2020-01-17 19:56:04'),
(18, 57, '9.99', '2020-01-18', 2, 2, '2', '1', '2020-01-18 12:41:59', '2020-01-18 12:41:59'),
(19, 129, '35.70', '2020-01-18', 2, 2, '2', '1', '2020-01-18 12:42:06', '2020-01-18 12:42:06'),
(20, 151, '28.00', '2020-01-18', 2, 2, '2', '1', '2020-01-18 12:42:13', '2020-01-18 12:42:13'),
(21, 335, '26.49', '2020-01-18', 2, 1, '2', '1', '2020-01-18 13:03:15', '2020-01-18 13:03:15'),
(22, 172, '14.00', '2020-01-18', 2, 1, '2', '1', '2020-01-18 13:03:18', '2020-01-18 13:03:18'),
(23, 167, '10.50', '2020-01-18', 2, 1, '2', '1', '2020-01-18 13:03:23', '2020-01-18 13:03:23'),
(24, 219, '6.99', '2020-01-18', 2, 1, '2', '1', '2020-01-18 13:03:28', '2020-01-18 13:03:28'),
(25, 169, '7.90', '2020-01-18', 2, 1, '2', '1', '2020-01-18 13:03:30', '2020-01-18 13:03:30'),
(26, 236, '32.49', '2020-01-18', 2, 1, '2', '1', '2020-01-18 13:03:34', '2020-01-18 13:03:34'),
(27, 185, '19.99', '2020-01-18', 2, 1, '2', '1', '2020-01-18 13:03:40', '2020-01-18 13:03:40'),
(28, 55, '13.99', '2020-01-25', 2, 0, '1', '0', '2020-01-25 11:51:30', '2020-01-28 14:06:46'),
(29, 158, '9.89', '2020-01-31', 2, 0, '1', '0', '2020-01-31 13:48:48', '2020-01-31 14:45:01'),
(30, 252, '14.95', '2020-01-31', 2, 0, '1', '1', '2020-01-31 14:05:49', '2020-01-31 14:05:49'),
(31, 127, '43.80', '2020-01-31', 2, 0, '1', '1', '2020-01-31 14:33:55', '2020-01-31 14:33:55');

--
-- Indexes for dumped tables
--

--
-- Indexes for table `migrations`
--
ALTER TABLE `migrations`
  ADD PRIMARY KEY (`id`);

--
-- Indexes for table `password_resets`
--
ALTER TABLE `password_resets`
  ADD KEY `password_resets_email_index` (`email`);

--
-- Indexes for table `produtos`
--
ALTER TABLE `produtos`
  ADD PRIMARY KEY (`id`),
  ADD KEY `produtos_user_id_foreign` (`user_id`);

--
-- Indexes for table `users`
--
ALTER TABLE `users`
  ADD PRIMARY KEY (`id`),
  ADD UNIQUE KEY `users_email_unique` (`email`);

--
-- Indexes for table `vendas`
--
ALTER TABLE `vendas`
  ADD PRIMARY KEY (`id`),
  ADD KEY `vendas_produto_id_foreign` (`produto_id`),
  ADD KEY `vendas_user_id_foreign` (`user_id`);

--
-- AUTO_INCREMENT for dumped tables
--

--
-- AUTO_INCREMENT for table `migrations`
--
ALTER TABLE `migrations`
  MODIFY `id` int(10) UNSIGNED NOT NULL AUTO_INCREMENT, AUTO_INCREMENT=9;

--
-- AUTO_INCREMENT for table `produtos`
--
ALTER TABLE `produtos`
  MODIFY `id` int(10) UNSIGNED NOT NULL AUTO_INCREMENT, AUTO_INCREMENT=435;

--
-- AUTO_INCREMENT for table `users`
--
ALTER TABLE `users`
  MODIFY `id` int(10) UNSIGNED NOT NULL AUTO_INCREMENT, AUTO_INCREMENT=3;

--
-- AUTO_INCREMENT for table `vendas`
--
ALTER TABLE `vendas`
  MODIFY `id` int(10) UNSIGNED NOT NULL AUTO_INCREMENT, AUTO_INCREMENT=32;

--
-- Constraints for dumped tables
--

--
-- Limitadores para a tabela `produtos`
--
ALTER TABLE `produtos`
  ADD CONSTRAINT `produtos_user_id_foreign` FOREIGN KEY (`user_id`) REFERENCES `users` (`id`);

--
-- Limitadores para a tabela `vendas`
--
ALTER TABLE `vendas`
  ADD CONSTRAINT `vendas_produto_id_foreign` FOREIGN KEY (`produto_id`) REFERENCES `produtos` (`id`),
  ADD CONSTRAINT `vendas_user_id_foreign` FOREIGN KEY (`user_id`) REFERENCES `users` (`id`);
COMMIT;

/*!40101 SET CHARACTER_SET_CLIENT=@OLD_CHARACTER_SET_CLIENT */;
/*!40101 SET CHARACTER_SET_RESULTS=@OLD_CHARACTER_SET_RESULTS */;
/*!40101 SET COLLATION_CONNECTION=@OLD_COLLATION_CONNECTION */;
